ID,collect_datetime,step_count
#AAGQKY,2022-07-19,72
#ACGRQP,2022-07-23,10079
#ACGRQP,2022-07-24,2778
#ACGRQP,2022-07-26,1257
#ACGRQP,2022-07-27,692
#ACGRQP,2022-08-01,2709
#ACGRQP,2022-08-04,514
#ACGRQP,2022-08-08,3832
#ACGRQP,2022-08-10,5650
#ACGRQP,2022-08-12,457
#ACGRQP,2022-08-13,18
#ACGRQP,2022-08-14,3438
#ACGRQP,2022-08-18,1945
#ACGRQP,2022-08-19,3048
#ACGRQP,2022-08-20,17
#ACGRQP,2022-08-21,5320
#AEGMOD,2022-07-17,100
#AEGMOD,2022-07-18,1129
#AEGMOD,2022-07-26,57
#AEGMOD,2022-07-27,117
#AEGMOD,2022-07-28,1360
#AEGMOD,2022-07-29,435
#AEGMOD,2022-07-30,3349
#AEGMOD,2022-07-31,7078
#AEGMOD,2022-08-01,21
#AEGMOD,2022-08-04,100
#AEGMOD,2022-08-06,411
#AEGMOD,2022-08-08,28
#AEGMOD,2022-08-11,1401
#AEGMOD,2022-08-13,138
#AEGMOD,2022-08-14,5678
#AEGMOD,2022-08-17,96
#AEGMOD,2022-08-19,115
#AEGMOD,2022-08-23,20
#AEGMOD,2022-08-25,3065
#AEGMOD,2022-08-26,3381
#AJXZPA,2022-07-19,67
#AJXZPA,2022-07-21,3557
#AJXZPA,2022-07-22,731
#AJXZPA,2022-07-23,10
#ALZXWR,2022-07-28,200
#ALZXWR,2022-07-29,4471
#ALZXWR,2022-07-30,209
#ALZXWR,2022-07-31,88
#ALZXWR,2022-08-03,6
#ALZXWR,2022-08-04,11
#ALZXWR,2022-08-05,2066
#ALZXWR,2022-08-09,6
#ALZXWR,2022-08-10,32
#ALZXWR,2022-08-11,35
#AMMIRA,2022-07-15,13256
#AMMIRA,2022-07-18,20159
#AMMIRA,2022-07-19,15207
#AMMIRA,2022-07-20,12987
#AMMIRA,2022-07-21,11406
#AMMIRA,2022-07-22,16431
#AMMIRA,2022-07-23,11046
#AMMIRA,2022-07-24,15597
#AMMIRA,2022-07-25,7202
#AMMIRA,2022-07-29,247
#AMMIRA,2022-07-31,4812
#AMMIRA,2022-08-02,5452
#AMMIRA,2022-08-07,4832
#AMMIRA,2022-08-11,11471
#AMMIRA,2022-08-15,4332
#AOLPEC,2022-07-20,9696
#AOLPEC,2022-07-24,26
#AOLPEC,2022-07-25,415
#AOLPEC,2022-07-26,2044
#AOLPEC,2022-07-27,20
#AOLPEC,2022-07-28,47
#AOLPEC,2022-07-29,37
#AOLPEC,2022-07-31,2372
#AOLPEC,2022-08-01,7125
#AOLPEC,2022-08-02,7311
#AOLPEC,2022-08-03,1691
#AOLPEC,2022-08-04,4990
#AOLPEC,2022-08-05,5322
#AOLPEC,2022-08-06,1497
#AOLPEC,2022-08-07,2148
#AOLPEC,2022-08-08,7042
#AOLPEC,2022-08-09,2648
#AOLPEC,2022-08-10,7472
#AOLPEC,2022-08-11,7543
#AOLPEC,2022-08-12,1384
#AOLPEC,2022-08-13,8056
#AOLPEC,2022-08-14,2293
#AOLPEC,2022-08-15,3501
#AOLPEC,2022-08-16,7209
#AOLPEC,2022-08-17,7987
#AOLPEC,2022-08-18,7688
#AOLPEC,2022-08-19,7302
#AOLPEC,2022-08-20,191
#AOLPEC,2022-08-21,1746
#AOLPEC,2022-08-22,9784
#AOLPEC,2022-08-23,10897
#AOLPEC,2022-08-24,9520
#AOLPEC,2022-08-25,14929
#AOLPEC,2022-08-26,3126
#ASELLU,2022-07-14,4649
#ASELLU,2022-07-15,4485
#ASELLU,2022-07-16,918
#ASELLU,2022-07-17,120
#ASELLU,2022-07-18,1638
#ASELLU,2022-07-19,5490
#ASELLU,2022-07-20,4100
#ASELLU,2022-07-21,4919
#ASELLU,2022-07-23,323
#ASELLU,2022-07-24,1898
#ASELLU,2022-07-25,1072
#ASELLU,2022-07-26,228
#ASELLU,2022-07-27,2716
#ASELLU,2022-07-28,2923
#ASELLU,2022-07-29,5506
#ASELLU,2022-07-30,690
#ASELLU,2022-07-31,1169
#ASELLU,2022-08-01,1152
#ASELLU,2022-08-03,131
#ASELLU,2022-08-08,6612
#ASELLU,2022-08-10,2480
#ASELLU,2022-08-11,102
#ASELLU,2022-08-12,83
#ASELLU,2022-08-14,1393
#ASELLU,2022-08-15,8215
#ASELLU,2022-08-16,6307
#ASELLU,2022-08-18,5540
#ASELLU,2022-08-19,2308
#ASELLU,2022-08-20,33
#ASELLU,2022-08-21,118
#ASELLU,2022-08-22,5294
#ASELLU,2022-08-23,4558
#ASELLU,2022-08-24,5540
#ASELLU,2022-08-25,6
#AVXQLO,2022-07-17,145
#BDAFFR,2022-08-13,2
#BIBHHG,2022-07-15,8258
#BIBHHG,2022-07-16,9148
#BIBHHG,2022-07-17,11035
#BIBHHG,2022-07-19,7908
#BIBHHG,2022-07-20,6466
#BIBHHG,2022-07-21,13077
#BIBHHG,2022-07-22,11742
#BIBHHG,2022-07-23,8630
#BIBHHG,2022-07-24,21271
#BIBHHG,2022-07-25,6395
#BIBHHG,2022-07-26,1213
#BIBHHG,2022-07-27,14641
#BIBHHG,2022-07-28,10026
#BIBHHG,2022-07-29,10786
#BIBHHG,2022-07-30,8197
#BIBHHG,2022-07-31,3822
#BIBHHG,2022-08-01,1011
#BIBHHG,2022-08-02,1269
#BIBHHG,2022-08-03,7042
#BIBHHG,2022-08-04,10864
#BIBHHG,2022-08-05,6662
#BIBHHG,2022-08-06,9557
#BIBHHG,2022-08-07,9292
#BIBHHG,2022-08-08,1113
#BIBHHG,2022-08-09,210
#BIBHHG,2022-08-10,6332
#BIBHHG,2022-08-11,5436
#BIBHHG,2022-08-12,8729
#BIBHHG,2022-08-13,13768
#BIBHHG,2022-08-14,5937
#BIBHHG,2022-08-15,8817
#BIBHHG,2022-08-16,101
#BIBHHG,2022-08-17,11512
#BIBHHG,2022-08-18,8206
#BIBHHG,2022-08-19,1047
#BIBHHG,2022-08-20,734
#BIBHHG,2022-08-21,9362
#BIBHHG,2022-08-23,6706
#BIBHHG,2022-08-24,5705
#BIBHHG,2022-08-25,10126
#BIBHHG,2022-08-26,10
#BOFKIP,2022-07-16,20
#BOFKIP,2022-07-17,7
#BOFKIP,2022-07-22,5619
#BOFKIP,2022-07-23,1752
#BOFKIP,2022-07-27,19
#BOFKIP,2022-07-30,21
#BOFKIP,2022-07-31,25
#BOFKIP,2022-08-01,21
#BOFKIP,2022-08-02,7
#BOFKIP,2022-08-05,16
#BQUFYB,2022-07-31,35
#BRJFDA,2022-07-15,2574
#BRJFDA,2022-07-16,7493
#BRJFDA,2022-07-17,13977
#BRJFDA,2022-07-19,12555
#BRJFDA,2022-07-26,2599
#BTSZRG,2022-07-23,4483
#BTSZRG,2022-07-26,1900
#BTSZRG,2022-08-11,5247
#BTSZRG,2022-08-12,8426
#BTSZRG,2022-08-16,13096
#BTSZRG,2022-08-17,9939
#BTSZRG,2022-08-25,6
#BTUYIP,2022-07-15,4720
#BUHKUT,2022-07-15,2443
#BUHKUT,2022-07-16,9995
#BUHKUT,2022-07-17,118
#BUHKUT,2022-07-18,3583
#BUHKUT,2022-07-23,1080
#BUHKUT,2022-07-26,3489
#BUHKUT,2022-07-28,2306
#BUHKUT,2022-07-29,1466
#BUHKUT,2022-07-31,2973
#BUHKUT,2022-08-01,6945
#BUHKUT,2022-08-02,617
#BUHKUT,2022-08-03,341
#BUHKUT,2022-08-04,11170
#BUHKUT,2022-08-05,1562
#BUHKUT,2022-08-06,4849
#BUHKUT,2022-08-07,3025
#BUHKUT,2022-08-09,2217
#BUHKUT,2022-08-11,6179
#BUHKUT,2022-08-12,17
#BYJNBA,2022-07-26,5988
#BYJNBA,2022-07-27,8287
#BYJNBA,2022-07-28,3673
#BYJNBA,2022-07-29,2731
#BYJNBA,2022-07-30,973
#BYJNBA,2022-07-31,1321
#BYJNBA,2022-08-01,9285
#BYJNBA,2022-08-02,10030
#BYJNBA,2022-08-03,9521
#BYJNBA,2022-08-04,5349
#BYJNBA,2022-08-09,4817
#BYJNBA,2022-08-10,10629
#BYJNBA,2022-08-17,4145
#BYJNBA,2022-08-19,8376
#BYJNBA,2022-08-23,15083
#BYJNBA,2022-08-24,56
#BZBUYV,2022-08-16,5229
#BZBUYV,2022-08-25,1310
#CEHWHH,2022-07-28,5931
#CHMIEV,2022-07-14,4278
#CHMIEV,2022-07-15,4528
#CHMIEV,2022-07-16,415
#CHMIEV,2022-07-17,1941
#CHMIEV,2022-07-18,4928
#CHMIEV,2022-07-19,2608
#CHMIEV,2022-07-20,4513
#CHMIEV,2022-07-21,6105
#CHMIEV,2022-07-22,6506
#CHMIEV,2022-07-23,3099
#CHMIEV,2022-07-24,5031
#CHMIEV,2022-07-25,2118
#CHMIEV,2022-07-26,1771
#CHMIEV,2022-07-27,2722
#CHMIEV,2022-07-29,3078
#CHMIEV,2022-07-30,8366
#CHMIEV,2022-07-31,2032
#CHMIEV,2022-08-01,6779
#CHMIEV,2022-08-02,1739
#CHMIEV,2022-08-04,7092
#CHMIEV,2022-08-05,11380
#CHMIEV,2022-08-06,4436
#CHMIEV,2022-08-07,434
#CHMIEV,2022-08-08,1368
#CHMIEV,2022-08-09,1259
#CHMIEV,2022-08-10,1731
#CHMIEV,2022-08-11,628
#CHMIEV,2022-08-12,2093
#CHMIEV,2022-08-13,314
#CHMIEV,2022-08-14,6488
#CHMIEV,2022-08-15,835
#CHMIEV,2022-08-16,2145
#CHMIEV,2022-08-18,8536
#CHMIEV,2022-08-19,7012
#CHMIEV,2022-08-20,6797
#CHMIEV,2022-08-21,7945
#CHMIEV,2022-08-22,2617
#CHMIEV,2022-08-23,6729
#CHMIEV,2022-08-24,1292
#CHMIEV,2022-08-25,4269
#CJRKRM,2022-07-14,10843
#CJRKRM,2022-07-15,10539
#CJRKRM,2022-07-17,5053
#CJRKRM,2022-07-18,13106
#CJRKRM,2022-07-19,7035
#CJRKRM,2022-07-20,13830
#CJRKRM,2022-07-21,2609
#CJRKRM,2022-07-22,11329
#CJRKRM,2022-07-23,15323
#CJRKRM,2022-07-24,15873
#CJRKRM,2022-07-25,12394
#CJRKRM,2022-07-26,10234
#CJRKRM,2022-07-27,18317
#CJRKRM,2022-07-28,12129
#CJRKRM,2022-07-31,2802
#CJRKRM,2022-08-04,10344
#CJRKRM,2022-08-07,184
#CJRKRM,2022-08-09,6776
#CJRKRM,2022-08-10,13163
#CJRKRM,2022-08-11,11161
#CJRKRM,2022-08-12,12437
#CJRKRM,2022-08-13,4618
#CJRKRM,2022-08-14,7017
#CJRKRM,2022-08-15,296
#CJRKRM,2022-08-16,23412
#CJRKRM,2022-08-17,9650
#CJRKRM,2022-08-19,10626
#CJRKRM,2022-08-20,17740
#CJRKRM,2022-08-21,2342
#CJRKRM,2022-08-22,5648
#CJRKRM,2022-08-23,58
#CJRKRM,2022-08-24,12652
#CJRKRM,2022-08-25,10081
#CKWRUP,2022-07-24,287
#CKWRUP,2022-07-26,2338
#CSTDHH,2022-07-17,25
#CSTDHH,2022-07-18,1890
#CSTDHH,2022-07-19,2638
#CSTDHH,2022-07-20,4204
#CSTDHH,2022-07-22,6084
#CSTDHH,2022-07-23,1028
#CSTDHH,2022-07-25,167
#CSTDHH,2022-07-26,498
#CSTDHH,2022-07-27,454
#CSTDHH,2022-07-28,719
#CSTDHH,2022-07-30,147
#CSTDHH,2022-07-31,479
#CSTDHH,2022-08-01,62
#CSTDHH,2022-08-02,868
#CSTDHH,2022-08-03,60
#CSTDHH,2022-08-04,68
#CSTDHH,2022-08-05,229
#CSTDHH,2022-08-06,104
#CSTDHH,2022-08-07,1191
#CSTDHH,2022-08-08,215
#CSTDHH,2022-08-10,131
#CSTDHH,2022-08-13,264
#CSTDHH,2022-08-14,2585
#CSTDHH,2022-08-15,99
#CSTDHH,2022-08-16,104
#CSTDHH,2022-08-17,278
#CSTDHH,2022-08-18,61
#CSTDHH,2022-08-20,92
#CSTDHH,2022-08-21,21
#CSTDHH,2022-08-22,6
#CSTDHH,2022-08-23,4685
#CSTDHH,2022-08-24,6053
#CSTDHH,2022-08-25,4633
#CUTARB,2022-07-21,3144
#CYEIBY,2022-07-16,2220
#CYEIBY,2022-07-20,1112
#CYEIBY,2022-07-21,102
#CYEIBY,2022-07-23,236
#CYEIBY,2022-07-24,259
#CYEIBY,2022-08-03,69
#CYEIBY,2022-08-05,2504
#CYEIBY,2022-08-06,886
#CYEIBY,2022-08-07,2156
#CYEIBY,2022-08-09,5313
#CYEIBY,2022-08-15,28
#CYEIBY,2022-08-22,4985
#CYEIBY,2022-08-24,3071
#DBVEOA,2022-07-15,1748
#DBVEOA,2022-07-16,16230
#DBVEOA,2022-07-17,1242
#DBVEOA,2022-07-18,6688
#DBVEOA,2022-07-19,11880
#DBVEOA,2022-07-20,3822
#DBVEOA,2022-07-21,3885
#DBVEOA,2022-07-28,295
#DBVEOA,2022-07-29,12725
#DBVEOA,2022-07-30,8587
#DBVEOA,2022-07-31,40
#DBVEOA,2022-08-01,2285
#DBVEOA,2022-08-02,7096
#DBVEOA,2022-08-03,7098
#DBVEOA,2022-08-04,4867
#DBVEOA,2022-08-07,1400
#DBVEOA,2022-08-08,1039
#DBVEOA,2022-08-09,15
#DBVEOA,2022-08-13,582
#DBVEOA,2022-08-14,775
#DBVEOA,2022-08-22,15
#DFPEGX,2022-07-15,7430
#DFPEGX,2022-07-16,17
#DFPEGX,2022-07-20,2215
#DFPEGX,2022-07-21,1735
#DFPEGX,2022-07-22,3219
#DFPEGX,2022-07-26,8154
#DFPEGX,2022-07-27,484
#DFPEGX,2022-07-28,42
#DHDDRE,2022-07-17,4651
#DHDDRE,2022-07-20,2262
#DHDDRE,2022-07-21,2454
#DJQUPN,2022-07-22,4396
#DJQUPN,2022-07-23,74
#DJQUPN,2022-07-24,90
#DJQUPN,2022-07-26,5536
#DJQUPN,2022-07-27,5616
#DJQUPN,2022-07-29,2183
#DJQUPN,2022-07-31,3459
#DJQUPN,2022-08-01,3619
#DJQUPN,2022-08-02,4247
#DJQUPN,2022-08-03,12162
#DJQUPN,2022-08-05,10990
#DJQUPN,2022-08-08,8785
#DJQUPN,2022-08-09,6860
#DJQUPN,2022-08-10,5695
#DJQUPN,2022-08-11,6280
#DJQUPN,2022-08-12,3807
#DJQUPN,2022-08-14,7979
#DJQUPN,2022-08-16,10343
#DJQUPN,2022-08-17,2891
#DJQUPN,2022-08-18,4069
#DJQUPN,2022-08-19,2050
#DJQUPN,2022-08-20,8046
#DJQUPN,2022-08-22,3465
#DMRIZK,2022-07-28,6973
#DMRIZK,2022-07-29,1392
#DMRIZK,2022-07-30,30
#DMRIZK,2022-08-05,12
#DPTCSW,2022-07-24,3067
#DPTCSW,2022-07-25,1957
#DPTCSW,2022-07-26,5547
#DPTCSW,2022-07-27,7615
#DPTCSW,2022-07-28,3343
#DPTCSW,2022-07-29,18772
#DPTCSW,2022-07-30,10885
#DPTCSW,2022-07-31,2354
#DPTCSW,2022-08-01,1986
#DPTCSW,2022-08-02,3793
#DPTCSW,2022-08-03,2096
#DPTCSW,2022-08-04,3513
#DPTCSW,2022-08-05,9031
#DPTCSW,2022-08-06,1412
#DPTCSW,2022-08-07,1195
#DPTCSW,2022-08-08,978
#DPTCSW,2022-08-09,3656
#DPTCSW,2022-08-10,3284
#DPTCSW,2022-08-11,5046
#DPTCSW,2022-08-12,7859
#DPTCSW,2022-08-13,3866
#DPTCSW,2022-08-14,4673
#DPTCSW,2022-08-15,4080
#DPTCSW,2022-08-16,3701
#DPTCSW,2022-08-17,2077
#DPTCSW,2022-08-18,2205
#DPTCSW,2022-08-19,4903
#DPTCSW,2022-08-20,4979
#DPTCSW,2022-08-21,125
#DPTCSW,2022-08-22,2708
#DPTCSW,2022-08-23,6434
#DPTCSW,2022-08-24,5725
#DPTCSW,2022-08-25,6455
#DPTCSW,2022-08-26,8
#DXYDON,2022-07-19,6055
#DXYDON,2022-08-10,1090
#DZGHXB,2022-07-16,38
#DZGHXB,2022-07-17,2554
#DZGHXB,2022-07-18,2886
#DZGHXB,2022-07-19,4240
#DZGHXB,2022-07-20,7461
#DZGHXB,2022-07-21,3206
#DZGHXB,2022-07-22,26
#DZGHXB,2022-07-29,28
#DZGHXB,2022-07-31,169
#DZGHXB,2022-08-07,389
#DZGHXB,2022-08-09,102
#DZGHXB,2022-08-12,284
#DZGHXB,2022-08-13,21
#DZGHXB,2022-08-14,5999
#DZGHXB,2022-08-16,26
#DZGHXB,2022-08-18,33
#DZGHXB,2022-08-24,12465
#EGFHYF,2022-07-15,4953
#EGFHYF,2022-07-18,91
#ELFNZG,2022-07-31,412
#ELFNZG,2022-08-01,2753
#ELFNZG,2022-08-02,2175
#ELFNZG,2022-08-03,90
#ELFNZG,2022-08-04,4316
#ELFNZG,2022-08-05,2777
#ELFNZG,2022-08-06,6388
#ELFNZG,2022-08-07,1331
#ELFNZG,2022-08-08,1976
#ELFNZG,2022-08-09,1204
#ELFNZG,2022-08-10,1383
#ELFNZG,2022-08-11,91
#ELFNZG,2022-08-12,669
#ELFNZG,2022-08-13,49
#ELFNZG,2022-08-15,6
#ELFNZG,2022-08-17,1384
#ELFNZG,2022-08-18,5131
#ELFNZG,2022-08-19,5859
#ELFNZG,2022-08-20,5181
#ELFNZG,2022-08-21,8174
#ELFNZG,2022-08-22,3507
#ELFNZG,2022-08-23,7543
#ELFNZG,2022-08-24,3411
#ELFNZG,2022-08-25,4890
#ELFNZG,2022-08-26,3007
#EMMRWD,2022-07-15,5467
#EOBGAT,2022-07-26,3
#EUICGK,2022-08-13,46
#EUVQQO,2022-07-14,6412
#EUVQQO,2022-07-15,1353
#EUVQQO,2022-07-22,2305
#EUVQQO,2022-07-26,7254
#EUVQQO,2022-07-27,3859
#EUVQQO,2022-07-30,70
#EUVQQO,2022-08-02,146
#EUVQQO,2022-08-03,125
#EUVQQO,2022-08-05,5051
#EUVQQO,2022-08-08,2409
#EUVQQO,2022-08-10,114
#EUVQQO,2022-08-11,1063
#EUVQQO,2022-08-12,2074
#EUVQQO,2022-08-13,18
#EUVQQO,2022-08-15,10802
#EUVQQO,2022-08-16,817
#EUVQQO,2022-08-17,83
#EUVQQO,2022-08-18,545
#EUVQQO,2022-08-19,2972
#EUVQQO,2022-08-20,706
#EUVQQO,2022-08-21,1113
#EUVQQO,2022-08-22,184
#EVJURC,2022-07-18,230
#EVJURC,2022-07-19,829
#EVJURC,2022-07-23,174
#EVJURC,2022-07-24,304
#EVJURC,2022-07-25,2848
#EVJURC,2022-07-26,5351
#EVJURC,2022-07-27,3735
#EVJURC,2022-07-28,2711
#EVJURC,2022-07-29,2823
#EVJURC,2022-07-30,629
#EVJURC,2022-07-31,6418
#EVJURC,2022-08-01,2197
#EVJURC,2022-08-02,296
#EVJURC,2022-08-03,2335
#EVJURC,2022-08-04,2545
#EVJURC,2022-08-06,28
#EVJURC,2022-08-07,365
#EVJURC,2022-08-08,1117
#EVJURC,2022-08-09,657
#EVJURC,2022-08-12,311
#EVJURC,2022-08-13,8679
#EVJURC,2022-08-14,2545
#EVJURC,2022-08-15,3216
#EVJURC,2022-08-16,438
#EVJURC,2022-08-17,1692
#EVJURC,2022-08-18,458
#EVJURC,2022-08-19,1072
#EVJURC,2022-08-20,206
#EVJURC,2022-08-21,8006
#EVJURC,2022-08-22,3032
#EVJURC,2022-08-23,567
#EVJURC,2022-08-24,521
#EVJURC,2022-08-25,121
#EVJURC,2022-08-26,32
#EVTVIG,2022-07-14,30
#EVTVIG,2022-07-16,3334
#EWIHXJ,2022-07-15,993
#EWIHXJ,2022-07-16,6611
#EWIHXJ,2022-07-19,1159
#EWIHXJ,2022-07-24,476
#EWIHXJ,2022-07-26,3448
#EXVWOM,2022-07-14,1408
#EXVWOM,2022-07-15,68
#EXVWOM,2022-07-18,4921
#EXVWOM,2022-07-24,8
#EXVWOM,2022-08-06,1048
#EYRMXX,2022-07-20,81
#EYRMXX,2022-07-24,971
#EYRMXX,2022-07-25,2642
#EYRMXX,2022-07-26,4032
#EYRMXX,2022-07-27,10994
#EYRMXX,2022-07-28,18118
#EYRMXX,2022-07-29,8291
#EYRMXX,2022-07-30,69
#EYRMXX,2022-08-02,72
#EYRMXX,2022-08-09,1463
#EYRMXX,2022-08-11,5031
#EYRMXX,2022-08-22,1501
#EYRMXX,2022-08-23,1231
#EZOQUW,2022-07-16,8168
#EZOQUW,2022-07-17,19228
#EZOQUW,2022-07-20,8673
#EZOQUW,2022-07-21,3568
#EZOQUW,2022-07-26,4961
#EZOQUW,2022-07-27,343
#EZOQUW,2022-07-28,130
#EZOQUW,2022-07-30,47
#EZOQUW,2022-07-31,3754
#EZOQUW,2022-08-01,2759
#EZOQUW,2022-08-02,2282
#EZOQUW,2022-08-05,3409
#EZOQUW,2022-08-06,636
#EZOQUW,2022-08-07,8458
#EZOQUW,2022-08-09,11
#EZOQUW,2022-08-10,429
#EZOQUW,2022-08-19,1786
#FAGQPB,2022-07-22,406
#FAGQPB,2022-07-24,416
#FAGQPB,2022-07-25,6
#FAGQPB,2022-07-26,296
#FAGQPB,2022-07-28,6
#FAGQPB,2022-07-30,15
#FAGQPB,2022-08-01,390
#FAGQPB,2022-08-03,17
#FAGQPB,2022-08-04,22
#FAGQPB,2022-08-06,51
#FAGQPB,2022-08-07,308
#FAGQPB,2022-08-09,29
#FAGQPB,2022-08-10,224
#FAGQPB,2022-08-12,30
#FAGQPB,2022-08-13,28
#FAGQPB,2022-08-14,1
#FAGQPB,2022-08-16,120
#FAGQPB,2022-08-18,63
#FAGQPB,2022-08-19,60
#FAGQPB,2022-08-20,6
#FAGQPB,2022-08-21,18
#FAGQPB,2022-08-23,7
#FCVHBL,2022-07-17,556
#FCVHBL,2022-07-19,17052
#FCVHBL,2022-07-24,5967
#FCVHBL,2022-08-03,1336
#FCVHBL,2022-08-14,27
#FDDNET,2022-07-18,5078
#FDDNET,2022-07-19,4057
#FDDNET,2022-07-20,1711
#FDDNET,2022-07-21,2707
#FDDNET,2022-07-22,8143
#FDDNET,2022-07-23,51
#FDDNET,2022-07-25,63
#FDDNET,2022-07-27,8829
#FDDNET,2022-07-28,8958
#FDDNET,2022-07-29,10882
#FDDNET,2022-07-30,1943
#FDDNET,2022-07-31,8152
#FDDNET,2022-08-03,1450
#FDDNET,2022-08-04,2211
#FDDNET,2022-08-05,2160
#FDDNET,2022-08-06,249
#FDDNET,2022-08-07,72
#FDDNET,2022-08-13,7373
#FDDNET,2022-08-14,609
#FDDNET,2022-08-15,6797
#FDDNET,2022-08-16,2303
#FDDNET,2022-08-17,2041
#FDDNET,2022-08-18,2187
#FDDNET,2022-08-19,2185
#FDDNET,2022-08-20,4430
#FDDNET,2022-08-21,1569
#FDDNET,2022-08-22,12853
#FDDNET,2022-08-23,7116
#FDDNET,2022-08-24,13876
#FDDNET,2022-08-25,2824
#FEECXP,2022-07-25,30
#FEECXP,2022-07-26,6658
#FEECXP,2022-07-27,2312
#FEECXP,2022-07-28,78
#FEECXP,2022-07-29,4400
#FEECXP,2022-07-31,4399
#FEECXP,2022-08-01,9673
#FEECXP,2022-08-17,9488
#FHLPMN,2022-07-15,5713
#FHLPMN,2022-07-18,11
#FHLPMN,2022-08-01,1409
#FNJWTR,2022-07-18,8540
#FNJWTR,2022-07-19,12678
#FNJWTR,2022-07-20,7705
#FNJWTR,2022-07-21,5615
#FNJWTR,2022-07-22,12504
#FNJWTR,2022-07-23,5734
#FNJWTR,2022-07-24,1212
#FNJWTR,2022-07-25,8310
#FNJWTR,2022-07-26,6486
#FNJWTR,2022-07-27,3538
#FNJWTR,2022-07-28,458
#FNJWTR,2022-07-29,214
#FNJWTR,2022-07-30,8008
#FNJWTR,2022-07-31,1639
#FNJWTR,2022-08-01,2703
#FNJWTR,2022-08-02,1940
#FNJWTR,2022-08-03,3417
#FNJWTR,2022-08-04,11761
#FNJWTR,2022-08-05,11580
#FNJWTR,2022-08-06,7733
#FNJWTR,2022-08-07,3098
#FNJWTR,2022-08-08,3559
#FNJWTR,2022-08-09,2381
#FNJWTR,2022-08-10,1476
#FNJWTR,2022-08-11,2288
#FNJWTR,2022-08-12,1007
#FNJWTR,2022-08-14,1265
#FNJWTR,2022-08-15,247
#FNJWTR,2022-08-16,5624
#FNJWTR,2022-08-17,2942
#FNJWTR,2022-08-18,7917
#FNJWTR,2022-08-19,2871
#FNJWTR,2022-08-20,6080
#FNJWTR,2022-08-22,7289
#FNJWTR,2022-08-23,5366
#FNJWTR,2022-08-24,5588
#FNJWTR,2022-08-25,15125
#FOXGAH,2022-07-20,641
#FOXGAH,2022-07-21,1005
#FOXGAH,2022-07-22,3491
#FRLZND,2022-07-21,1905
#GANTYM,2022-08-17,203
#GANTYM,2022-08-23,3660
#GDUDLH,2022-08-10,2069
#GDUDLH,2022-08-11,4312
#GDUDLH,2022-08-12,3282
#GDUDLH,2022-08-13,3378
#GDUDLH,2022-08-14,598
#GDUDLH,2022-08-15,5397
#GDUDLH,2022-08-16,4300
#GDUDLH,2022-08-17,1420
#GDUDLH,2022-08-18,4416
#GDUDLH,2022-08-19,428
#GDUDLH,2022-08-20,11196
#GDUDLH,2022-08-21,181
#GDUDLH,2022-08-22,4801
#GDUDLH,2022-08-23,276
#GDUDLH,2022-08-24,6225
#GDUDLH,2022-08-26,66
#GEOVWK,2022-07-29,75
#GEOVWK,2022-08-02,789
#GEOVWK,2022-08-03,41
#GEOVWK,2022-08-04,105
#GEOVWK,2022-08-05,68
#GEOVWK,2022-08-07,17
#GEOVWK,2022-08-08,3253
#GEOVWK,2022-08-15,109
#GEOVWK,2022-08-16,1145
#GITGJQ,2022-07-21,589
#GITGJQ,2022-07-25,4138
#GITGJQ,2022-07-26,7631
#GITGJQ,2022-07-27,436
#GITGJQ,2022-07-29,58
#GITGJQ,2022-07-30,102
#GITGJQ,2022-08-01,353
#GITGJQ,2022-08-04,6
#GRCXDF,2022-07-14,6064
#GRCXDF,2022-07-15,4018
#GRCXDF,2022-07-18,3230
#GRCXDF,2022-07-20,2754
#GRCXDF,2022-07-21,2411
#GRCXDF,2022-07-23,5116
#GRCXDF,2022-07-25,43
#GRCXDF,2022-07-26,8045
#GRCXDF,2022-07-27,2182
#GRCXDF,2022-07-28,4455
#GRCXDF,2022-07-29,5184
#GRCXDF,2022-07-30,3845
#GRCXDF,2022-07-31,5140
#GRCXDF,2022-08-02,3074
#GRCXDF,2022-08-03,4054
#GRCXDF,2022-08-04,6612
#GRCXDF,2022-08-05,6974
#GRCXDF,2022-08-06,6421
#GRCXDF,2022-08-07,58
#GRCXDF,2022-08-08,6516
#GRCXDF,2022-08-09,6485
#GRCXDF,2022-08-10,6722
#GRCXDF,2022-08-11,4608
#GRCXDF,2022-08-12,3614
#GRCXDF,2022-08-13,1496
#GRCXDF,2022-08-14,16
#GRCXDF,2022-08-15,105
#GRCXDF,2022-08-16,2179
#GRCXDF,2022-08-17,2044
#GRCXDF,2022-08-18,7675
#GRCXDF,2022-08-19,6365
#GRCXDF,2022-08-20,6444
#GRCXDF,2022-08-21,36
#GRCXDF,2022-08-22,3970
#GRCXDF,2022-08-23,8263
#GRCXDF,2022-08-24,4984
#GRCXDF,2022-08-25,6413
#GRNKCF,2022-07-16,317
#GRNKCF,2022-07-17,5113
#GRNKCF,2022-07-19,3955
#GRNKCF,2022-07-20,6986
#GRNKCF,2022-07-21,7201
#GRNKCF,2022-07-22,9528
#GRNKCF,2022-07-23,160
#GRNKCF,2022-07-24,3111
#GRNKCF,2022-07-25,6933
#GRNKCF,2022-07-26,10588
#GRNKCF,2022-07-27,156
#GRNKCF,2022-07-28,123
#GRNKCF,2022-07-29,4011
#GRNKCF,2022-07-30,3266
#GRNKCF,2022-07-31,1885
#GRNKCF,2022-08-01,4596
#GRNKCF,2022-08-02,204
#GRNKCF,2022-08-03,1686
#GRNKCF,2022-08-04,3385
#GRNKCF,2022-08-05,7987
#GRNKCF,2022-08-06,127
#GRNKCF,2022-08-07,3710
#GRNKCF,2022-08-08,8533
#GRNKCF,2022-08-09,130
#GRNKCF,2022-08-10,13371
#GRNKCF,2022-08-11,5263
#GRNKCF,2022-08-12,8567
#GRNKCF,2022-08-13,51
#GRNKCF,2022-08-14,3625
#GRNKCF,2022-08-15,62
#GRNKCF,2022-08-16,1107
#GRNKCF,2022-08-17,31
#GRNKCF,2022-08-18,19
#GRNKCF,2022-08-19,7948
#GRNKCF,2022-08-20,5400
#GRNKCF,2022-08-21,3770
#GRNKCF,2022-08-22,3507
#GRNKCF,2022-08-23,83
#GRNKCF,2022-08-24,8664
#GRNKCF,2022-08-25,176
#GRNKCF,2022-08-26,87
#GVPAOZ,2022-07-15,628
#GVPAOZ,2022-07-17,2472
#GVPAOZ,2022-07-18,1306
#GVPAOZ,2022-07-19,1038
#GVPAOZ,2022-07-20,117
#GVPAOZ,2022-07-21,1286
#GVPAOZ,2022-07-23,290
#GVPAOZ,2022-07-24,388
#GVPAOZ,2022-07-25,111
#GVPAOZ,2022-07-27,145
#GVPAOZ,2022-07-28,55
#GVPAOZ,2022-07-29,45
#GVPAOZ,2022-07-30,22
#GVPAOZ,2022-07-31,520
#GVPAOZ,2022-08-02,212
#GVPAOZ,2022-08-03,30
#GVPAOZ,2022-08-06,399
#GVPAOZ,2022-08-07,419
#GVPAOZ,2022-08-08,3022
#GVPAOZ,2022-08-11,65
#GVPAOZ,2022-08-12,661
#GVPAOZ,2022-08-13,891
#GVPAOZ,2022-08-14,491
#GVPAOZ,2022-08-18,1849
#GVPAOZ,2022-08-20,28
#GVPAOZ,2022-08-21,577
#GVPAOZ,2022-08-22,4975
#GVPAOZ,2022-08-23,1297
#GVPAOZ,2022-08-24,1889
#GZBICQ,2022-07-14,10014
#HBGGNH,2022-07-17,2107
#HCFQLT,2022-07-15,10988
#HCFQLT,2022-07-17,6186
#HCFQLT,2022-07-18,8750
#HCFQLT,2022-07-19,13401
#HCFQLT,2022-07-20,13182
#HCFQLT,2022-07-21,8893
#HCFQLT,2022-07-22,15031
#HCFQLT,2022-07-23,60
#HCFQLT,2022-07-27,852
#HCFQLT,2022-07-29,111
#HCFQLT,2022-07-31,1794
#HCFQLT,2022-08-01,2478
#HCFQLT,2022-08-02,4040
#HCFQLT,2022-08-03,5872
#HCFQLT,2022-08-04,6836
#HCFQLT,2022-08-05,121
#HCFQLT,2022-08-06,3396
#HCFQLT,2022-08-07,5454
#HCFQLT,2022-08-08,5417
#HCFQLT,2022-08-09,793
#HCFQLT,2022-08-10,8264
#HCFQLT,2022-08-11,2735
#HCFQLT,2022-08-12,4243
#HCFQLT,2022-08-13,3428
#HCFQLT,2022-08-14,1853
#HCFQLT,2022-08-15,7089
#HCFQLT,2022-08-16,1685
#HCFQLT,2022-08-17,103
#HCFQLT,2022-08-20,1353
#HCFQLT,2022-08-22,3043
#HCFQLT,2022-08-24,713
#HCFQLT,2022-08-25,663
#HETCQN,2022-07-15,57
#HETCQN,2022-07-17,15431
#HETCQN,2022-07-22,5345
#HETCQN,2022-07-23,3653
#HETCQN,2022-07-24,3940
#HETCQN,2022-07-25,3506
#HETCQN,2022-07-26,907
#HGAHBC,2022-07-27,715
#HGAHBC,2022-07-28,438
#HHUVMN,2022-08-17,17
#HHUVMN,2022-08-18,178
#HHUVMN,2022-08-19,25
#HHUVMN,2022-08-22,22
#HHUVMN,2022-08-23,32
#HQAHCW,2022-07-17,580
#HRZAFQ,2022-07-17,135
#HRZAFQ,2022-07-20,5251
#HRZAFQ,2022-07-26,3435
#HSRCMZ,2022-07-27,17993
#HSRCMZ,2022-07-29,5789
#HSRCMZ,2022-08-07,1027
#HSRCMZ,2022-08-12,4106
#HSRCMZ,2022-08-23,12
#HXELMF,2022-07-21,15
#HXELMF,2022-08-16,18
#HZNEJH,2022-07-14,6267
#HZNEJH,2022-07-15,11
#HZNEJH,2022-07-18,6004
#HZNEJH,2022-07-25,2482
#HZNEJH,2022-07-26,2419
#HZNEJH,2022-07-31,695
#HZNEJH,2022-08-05,4864
#IANFHE,2022-07-23,1113
#IANFHE,2022-07-24,4073
#IANFHE,2022-07-25,126
#IANFHE,2022-07-26,668
#IANFHE,2022-07-27,169
#IANFHE,2022-07-28,108
#IANFHE,2022-07-29,13
#IANFHE,2022-07-30,20
#IANFHE,2022-07-31,210
#IANFHE,2022-08-02,5286
#IANFHE,2022-08-03,4435
#IANFHE,2022-08-04,3124
#IANFHE,2022-08-05,6766
#IANFHE,2022-08-07,2234
#IANFHE,2022-08-08,606
#IANFHE,2022-08-09,2635
#IANFHE,2022-08-10,2041
#IANFHE,2022-08-11,3088
#IANFHE,2022-08-12,6711
#IANFHE,2022-08-13,1879
#IANFHE,2022-08-14,504
#IANFHE,2022-08-16,4303
#IANFHE,2022-08-17,4600
#IANFHE,2022-08-18,4154
#IANFHE,2022-08-19,8002
#IANFHE,2022-08-20,2189
#IANFHE,2022-08-21,1868
#IANFHE,2022-08-22,7474
#IANFHE,2022-08-23,7711
#IANFHE,2022-08-24,6715
#IANFHE,2022-08-25,7036
#IANFHE,2022-08-26,4220
#IEBCPX,2022-07-15,3484
#IEBCPX,2022-07-17,2186
#IEBCPX,2022-07-19,1910
#IEBCPX,2022-07-23,522
#IEBCPX,2022-07-29,3733
#IEBCPX,2022-08-05,20
#IEBCPX,2022-08-09,15
#IGMKBO,2022-07-14,4075
#IGMKBO,2022-07-16,52
#IGMKBO,2022-07-17,16838
#IGMKBO,2022-07-18,5560
#IGMKBO,2022-07-19,4777
#IGMKBO,2022-07-20,3
#IIMWCG,2022-07-15,7789
#IIMWCG,2022-07-16,6351
#IIMWCG,2022-07-17,21
#IIMWCG,2022-07-18,7792
#IIMWCG,2022-07-19,3965
#IIMWCG,2022-07-20,58
#IIMWCG,2022-08-16,4216
#IIMWCG,2022-08-18,22
#IRGYPQ,2022-07-14,247
#IRGYPQ,2022-08-01,5302
#IRGYPQ,2022-08-02,2879
#ITIIRM,2022-08-04,3559
#ITIIRM,2022-08-05,1008
#ITIIRM,2022-08-20,513
#IUAZSD,2022-07-27,47
#IUAZSD,2022-07-28,4900
#IUAZSD,2022-07-29,380
#IUAZSD,2022-07-31,53
#IUAZSD,2022-08-03,2707
#IUAZSD,2022-08-04,3483
#IUAZSD,2022-08-05,1346
#IUAZSD,2022-08-06,7
#IUAZSD,2022-08-07,485
#IUAZSD,2022-08-10,1976
#IUAZSD,2022-08-11,1534
#IUAZSD,2022-08-19,1439
#IWSRFH,2022-07-14,16
#IWSRFH,2022-07-16,48
#IWSRFH,2022-07-20,11572
#IWSRFH,2022-08-12,13195
#IXXFRX,2022-07-18,16579
#IXXFRX,2022-07-25,8404
#IXXFRX,2022-07-26,4194
#IXXFRX,2022-07-27,12769
#IXXFRX,2022-08-01,4287
#IXXFRX,2022-08-02,3144
#IXXFRX,2022-08-03,448
#JAILCA,2022-07-27,18914
#JFNQJL,2022-07-14,83
#JFNQJL,2022-07-15,77
#JFNQJL,2022-07-17,2480
#JFNQJL,2022-07-18,5904
#JFNQJL,2022-07-19,13197
#JFNQJL,2022-07-20,5571
#JFNQJL,2022-07-30,673
#JFNQJL,2022-08-19,5362
#JFNQJL,2022-08-20,3742
#JFNQJL,2022-08-24,155
#JGRTRZ,2022-07-23,127
#JGRTRZ,2022-07-26,352
#JGRTRZ,2022-08-01,966
#JGRTRZ,2022-08-11,119
#JGRTRZ,2022-08-20,412
#JKBPKH,2022-07-16,2092
#JKBPKH,2022-07-17,3442
#JKBPKH,2022-07-18,2089
#JKBPKH,2022-07-19,3502
#JKBPKH,2022-07-20,705
#JKBPKH,2022-08-21,19
#JKRBGW,2022-07-14,389
#JKRBGW,2022-07-15,5566
#JKRBGW,2022-07-16,2329
#JKRBGW,2022-07-17,3340
#JKRBGW,2022-07-18,8607
#JKRBGW,2022-07-19,12717
#JKRBGW,2022-07-20,6657
#JKRBGW,2022-07-21,9236
#JKRBGW,2022-07-22,3993
#JKRBGW,2022-07-24,614
#JKRBGW,2022-07-26,465
#JMIGXO,2022-07-23,1606
#JMIGXO,2022-08-10,1194
#JMIGXO,2022-08-22,1239
#JMIGXO,2022-08-24,13
#JOMZOP,2022-07-14,53
#JOMZOP,2022-07-15,8217
#JOMZOP,2022-07-16,6265
#JOMZOP,2022-07-17,21804
#JOMZOP,2022-07-18,9038
#JOMZOP,2022-07-19,13101
#JOMZOP,2022-07-20,16019
#JOMZOP,2022-07-22,2631
#JOMZOP,2022-07-23,528
#JOMZOP,2022-07-24,5767
#JOMZOP,2022-07-25,11001
#JOMZOP,2022-07-26,577
#JOMZOP,2022-07-27,6143
#JOMZOP,2022-07-28,22
#JOMZOP,2022-07-29,4669
#JOMZOP,2022-07-30,2648
#JOMZOP,2022-07-31,4721
#JOMZOP,2022-08-01,699
#JOMZOP,2022-08-02,34
#JOMZOP,2022-08-03,5376
#JOMZOP,2022-08-04,5320
#JOMZOP,2022-08-05,3521
#JOMZOP,2022-08-06,15839
#JOMZOP,2022-08-07,11873
#JOMZOP,2022-08-08,42
#JOMZOP,2022-08-09,1346
#JOMZOP,2022-08-10,3074
#JOMZOP,2022-08-11,10237
#JOMZOP,2022-08-12,4911
#JOMZOP,2022-08-13,14951
#JOMZOP,2022-08-14,8582
#JOMZOP,2022-08-15,3892
#JOMZOP,2022-08-16,7692
#JOMZOP,2022-08-17,2366
#JOMZOP,2022-08-18,1944
#JOMZOP,2022-08-19,42
#JOMZOP,2022-08-21,252
#JOMZOP,2022-08-22,2957
#JOMZOP,2022-08-23,8879
#JOMZOP,2022-08-24,8591
#JOMZOP,2022-08-26,116
#JPXADO,2022-07-17,284
#JPXADO,2022-07-19,910
#JQTVIW,2022-07-26,10147
#JQTVIW,2022-07-27,1020
#JQTVIW,2022-07-29,427
#JQTVIW,2022-08-01,4307
#JQTVIW,2022-08-05,3107
#JTOFEH,2022-07-24,14
#JTOFEH,2022-07-26,371
#JTOFEH,2022-07-27,127
#JTOFEH,2022-07-28,173
#JTOFEH,2022-07-29,51
#JTOFEH,2022-07-30,94
#JTOFEH,2022-07-31,725
#JTOFEH,2022-08-01,8802
#JTOFEH,2022-08-02,2441
#JTOFEH,2022-08-03,12443
#JTOFEH,2022-08-04,10606
#JTOFEH,2022-08-05,5534
#JTOFEH,2022-08-06,4563
#JTOFEH,2022-08-07,12899
#JTOFEH,2022-08-08,8778
#JTOFEH,2022-08-09,2643
#JTOFEH,2022-08-10,3792
#JTOFEH,2022-08-11,10243
#JTOFEH,2022-08-12,7179
#JTOFEH,2022-08-13,16203
#JTOFEH,2022-08-14,1847
#JTOFEH,2022-08-15,1734
#JTOFEH,2022-08-16,1472
#JTOFEH,2022-08-17,2316
#JTOFEH,2022-08-18,6426
#JTOFEH,2022-08-19,2497
#JTOFEH,2022-08-20,11305
#JTOFEH,2022-08-21,3365
#JTOFEH,2022-08-22,3987
#JTOFEH,2022-08-23,10341
#JTOFEH,2022-08-24,4884
#JTOFEH,2022-08-25,9977
#JTOFEH,2022-08-26,185
#JZPRLS,2022-07-18,4874
#JZPRLS,2022-07-20,582
#JZPRLS,2022-07-29,1652
#JZPRLS,2022-07-30,18
#JZPRLS,2022-08-01,1842
#JZPRLS,2022-08-03,3805
#JZPRLS,2022-08-04,3776
#JZPRLS,2022-08-05,5887
#JZPRLS,2022-08-06,1491
#JZPRLS,2022-08-07,781
#JZPRLS,2022-08-08,6026
#JZPRLS,2022-08-09,3159
#JZPRLS,2022-08-10,5504
#JZPRLS,2022-08-11,4854
#JZPRLS,2022-08-12,5017
#JZPRLS,2022-08-13,3486
#JZPRLS,2022-08-14,307
#JZPRLS,2022-08-16,11235
#JZPRLS,2022-08-17,4985
#JZPRLS,2022-08-18,5849
#JZPRLS,2022-08-19,3541
#JZPRLS,2022-08-22,5576
#JZPRLS,2022-08-23,6218
#JZPRLS,2022-08-24,4099
#JZPRLS,2022-08-25,3753
#JZPRLS,2022-08-26,2988
#JZSYBW,2022-07-20,2367
#JZSYBW,2022-07-26,5133
#JZSYBW,2022-08-13,2015
#KDBKVW,2022-07-16,3110
#KDBKVW,2022-07-17,24
#KDBKVW,2022-07-19,2676
#KDBKVW,2022-07-20,4901
#KDBKVW,2022-07-21,2623
#KDBKVW,2022-07-22,3559
#KDBKVW,2022-07-23,1814
#KDBKVW,2022-07-24,985
#KDBKVW,2022-07-26,14
#KDBKVW,2022-07-28,15
#KDBKVW,2022-07-31,57
#KDBKVW,2022-08-01,7
#KDBKVW,2022-08-02,19
#KDBKVW,2022-08-03,119
#KDBKVW,2022-08-05,5851
#KDBKVW,2022-08-06,89
#KDBKVW,2022-08-07,54
#KDBKVW,2022-08-08,1942
#KDBKVW,2022-08-09,112
#KDBKVW,2022-08-10,1184
#KDBKVW,2022-08-11,198
#KDBKVW,2022-08-12,2281
#KDBKVW,2022-08-13,16
#KDBKVW,2022-08-15,990
#KDBKVW,2022-08-16,1735
#KDBKVW,2022-08-17,6562
#KDBKVW,2022-08-18,71
#KDBKVW,2022-08-19,95
#KDBKVW,2022-08-21,676
#KDBKVW,2022-08-22,1372
#KDBKVW,2022-08-24,2132
#KDEVLM,2022-07-14,11883
#KDEVLM,2022-07-15,20029
#KDEVLM,2022-07-16,7005
#KDEVLM,2022-07-17,6221
#KDEVLM,2022-07-18,11463
#KDEVLM,2022-07-19,8841
#KDEVLM,2022-07-20,8670
#KDEVLM,2022-07-21,8430
#KDEVLM,2022-07-22,12217
#KDEVLM,2022-07-23,2190
#KDEVLM,2022-07-24,197
#KDEVLM,2022-07-25,51
#KDEVLM,2022-07-26,597
#KDEVLM,2022-07-28,1845
#KDEVLM,2022-07-29,3263
#KDEVLM,2022-08-09,405
#KDEVLM,2022-08-10,3238
#KDEVLM,2022-08-11,8339
#KDEVLM,2022-08-12,3876
#KDEVLM,2022-08-13,3110
#KDEVLM,2022-08-14,11717
#KDEVLM,2022-08-15,18502
#KDEVLM,2022-08-16,4265
#KDEVLM,2022-08-17,3664
#KDEVLM,2022-08-18,4019
#KDEVLM,2022-08-19,3579
#KDEVLM,2022-08-20,1934
#KDEVLM,2022-08-22,5163
#KDEVLM,2022-08-23,36
#KDEVLM,2022-08-24,397
#KDEVLM,2022-08-25,62
#KDEVLM,2022-08-26,88
#KFYWTY,2022-07-22,750
#KFYWTY,2022-07-23,15742
#KFYWTY,2022-07-24,15012
#KFYWTY,2022-07-25,14798
#KFYWTY,2022-07-26,27460
#KFYWTY,2022-07-27,25219
#KFYWTY,2022-07-28,3516
#KFYWTY,2022-08-03,410
#KFYWTY,2022-08-05,3972
#KKLNZR,2022-07-21,7
#KKLNZR,2022-07-22,18522
#KKLNZR,2022-07-23,5795
#KKLNZR,2022-07-24,7842
#KKLNZR,2022-07-25,11465
#KKLNZR,2022-07-26,15544
#KKLNZR,2022-07-27,24329
#KKLNZR,2022-07-28,15577
#KKLNZR,2022-07-29,8524
#KKLNZR,2022-07-30,7624
#KKLNZR,2022-07-31,188
#KKLNZR,2022-08-01,4800
#KKLNZR,2022-08-02,3902
#KKLNZR,2022-08-03,8214
#KKLNZR,2022-08-04,10703
#KKLNZR,2022-08-05,11653
#KKLNZR,2022-08-06,6649
#KKLNZR,2022-08-07,3773
#KKLNZR,2022-08-08,8068
#KKLNZR,2022-08-09,9870
#KKLNZR,2022-08-10,8641
#KKLNZR,2022-08-11,14210
#KKLNZR,2022-08-12,9364
#KKLNZR,2022-08-13,5022
#KKLNZR,2022-08-14,5226
#KKLNZR,2022-08-15,17660
#KKLNZR,2022-08-16,7288
#KKLNZR,2022-08-17,13089
#KKLNZR,2022-08-18,15383
#KKLNZR,2022-08-19,11208
#KKLNZR,2022-08-20,8262
#KKLNZR,2022-08-21,18110
#KKLNZR,2022-08-22,7384
#KKLNZR,2022-08-23,13801
#KKLNZR,2022-08-24,19464
#KKLNZR,2022-08-25,21247
#KKLNZR,2022-08-26,48
#KLKMEI,2022-08-18,6
#KMHAIH,2022-07-19,8
#KMHAIH,2022-07-20,5806
#KMHAIH,2022-07-21,2296
#KMHAIH,2022-07-22,3312
#KMHAIH,2022-07-23,639
#KMHAIH,2022-07-24,1703
#KMHAIH,2022-08-16,327
#KNXRSA,2022-07-18,10
#KNXRSA,2022-07-27,66
#KNXRSA,2022-07-28,5341
#KNXRSA,2022-07-29,5163
#KNXRSA,2022-08-01,2131
#KNXRSA,2022-08-04,2801
#KPADZN,2022-07-26,8
#KQDTRY,2022-07-28,1477
#KQDTRY,2022-08-03,29
#KQDTRY,2022-08-04,5596
#KQDTRY,2022-08-05,4536
#KQDTRY,2022-08-06,240
#KQDTRY,2022-08-07,348
#KQDTRY,2022-08-14,163
#KQDTRY,2022-08-19,10125
#KQDTRY,2022-08-20,338
#KQDTRY,2022-08-21,188
#KQDTRY,2022-08-23,7508
#KQDTRY,2022-08-24,8462
#KQDTRY,2022-08-25,4975
#KRMDDH,2022-07-19,16973
#KRMDDH,2022-07-20,12301
#KRMDDH,2022-07-21,16643
#KRMDDH,2022-07-22,12893
#KRMDDH,2022-07-26,904
#KRMDDH,2022-07-29,342
#KRMDDH,2022-08-08,609
#KYDGDZ,2022-07-15,8531
#KYDGDZ,2022-07-16,7007
#KYDGDZ,2022-07-17,2353
#KYDGDZ,2022-07-18,5901
#KYDGDZ,2022-07-19,6787
#KYDGDZ,2022-07-20,8133
#KYDGDZ,2022-07-21,34
#KYDGDZ,2022-07-22,6060
#KYDGDZ,2022-07-23,3192
#KYDGDZ,2022-07-24,3032
#KYDGDZ,2022-07-25,6629
#KYDGDZ,2022-07-26,6016
#KYDGDZ,2022-07-27,3224
#KYDGDZ,2022-07-28,4403
#KYDGDZ,2022-07-29,3667
#KYDGDZ,2022-07-30,2990
#KYDGDZ,2022-07-31,2168
#KYDGDZ,2022-08-01,6170
#KYDGDZ,2022-08-02,5225
#KYDGDZ,2022-08-03,3692
#KYDGDZ,2022-08-04,5853
#KYDGDZ,2022-08-05,1335
#KYDGDZ,2022-08-06,5827
#KYDGDZ,2022-08-07,653
#KYDGDZ,2022-08-08,1568
#KYDGDZ,2022-08-09,5693
#KYDGDZ,2022-08-10,6548
#KYDGDZ,2022-08-11,6249
#KYDGDZ,2022-08-12,3318
#KYDGDZ,2022-08-13,21
#KYDGDZ,2022-08-14,3837
#KYDGDZ,2022-08-15,466
#KYDGDZ,2022-08-16,1634
#KYDGDZ,2022-08-17,4292
#KYDGDZ,2022-08-18,3096
#KYDGDZ,2022-08-19,2564
#KYDGDZ,2022-08-20,147
#KYDGDZ,2022-08-22,5162
#KYDGDZ,2022-08-23,4500
#KYDGDZ,2022-08-24,7230
#KYDGDZ,2022-08-25,5473
#KYDGDZ,2022-08-26,4523
#KYYXMG,2022-07-16,6478
#KYYXMG,2022-07-28,70
#KZRPVO,2022-07-22,4115
#KZRPVO,2022-07-23,3511
#KZRPVO,2022-07-24,7661
#KZRPVO,2022-07-25,37
#KZRPVO,2022-07-26,37
#KZRPVO,2022-07-27,48
#KZRPVO,2022-07-28,921
#KZRPVO,2022-07-29,23
#KZRPVO,2022-07-30,230
#KZRPVO,2022-07-31,903
#KZRPVO,2022-08-01,1420
#KZRPVO,2022-08-02,6210
#KZRPVO,2022-08-03,66
#KZRPVO,2022-08-04,5222
#KZRPVO,2022-08-05,12
#KZRPVO,2022-08-06,3393
#KZRPVO,2022-08-07,3541
#KZRPVO,2022-08-08,1798
#KZRPVO,2022-08-09,7987
#KZRPVO,2022-08-10,1033
#KZRPVO,2022-08-11,3649
#KZRPVO,2022-08-12,2812
#KZRPVO,2022-08-13,85
#KZRPVO,2022-08-14,360
#KZRPVO,2022-08-15,2437
#KZRPVO,2022-08-16,5982
#KZRPVO,2022-08-17,5551
#KZRPVO,2022-08-18,23
#KZRPVO,2022-08-19,3856
#KZRPVO,2022-08-20,6225
#KZRPVO,2022-08-21,1652
#KZRPVO,2022-08-22,5581
#KZRPVO,2022-08-23,5109
#KZRPVO,2022-08-24,7298
#KZRPVO,2022-08-25,5764
#KZRPVO,2022-08-26,42
#LFXYFH,2022-07-21,1802
#LFXYFH,2022-07-22,7160
#LFXYFH,2022-07-26,35
#LFXYFH,2022-07-28,23
#LFXYFH,2022-07-29,42
#LFXYFH,2022-07-31,34
#LFXYFH,2022-08-01,3187
#LFXYFH,2022-08-02,26
#LFXYFH,2022-08-03,2057
#LFXYFH,2022-08-04,1038
#LFXYFH,2022-08-05,4311
#LFXYFH,2022-08-07,73
#LFXYFH,2022-08-08,2001
#LFXYFH,2022-08-09,2073
#LFXYFH,2022-08-10,2129
#LFXYFH,2022-08-11,1933
#LFXYFH,2022-08-12,8800
#LFXYFH,2022-08-13,736
#LFXYFH,2022-08-15,11674
#LFXYFH,2022-08-16,2134
#LFXYFH,2022-08-17,1623
#LFXYFH,2022-08-18,4143
#LFXYFH,2022-08-19,3696
#LFXYFH,2022-08-20,23
#LFXYFH,2022-08-21,1531
#LFXYFH,2022-08-22,2481
#LFXYFH,2022-08-23,3690
#LFXYFH,2022-08-25,6795
#LIQKSR,2022-07-19,414
#LIQKSR,2022-07-20,7
#LIQKSR,2022-07-23,78
#LIQKSR,2022-07-27,550
#LIQKSR,2022-07-28,36
#LIQKSR,2022-08-03,18
#LIQKSR,2022-08-08,1179
#LIQKSR,2022-08-11,611
#LIQKSR,2022-08-21,85
#LIQKSR,2022-08-22,43
#LIQKSR,2022-08-23,91
#LIQKSR,2022-08-24,141
#LIQKSR,2022-08-25,74
#LLHYCB,2022-08-02,48
#LLHYCB,2022-08-03,435
#LLHYCB,2022-08-06,4748
#LLHYCB,2022-08-07,292
#LLHYCB,2022-08-08,15
#LLHYCB,2022-08-09,70
#LLHYCB,2022-08-10,2508
#LLHYCB,2022-08-11,32
#LLHYCB,2022-08-12,4742
#LLHYCB,2022-08-13,24
#LLHYCB,2022-08-14,3012
#LLHYCB,2022-08-16,2
#LLHYCB,2022-08-19,21
#LLHYCB,2022-08-22,27
#LLHYCB,2022-08-24,4146
#LLHYCB,2022-08-25,2830
#LLHYCB,2022-08-26,83
#LTOVFF,2022-07-22,4562
#LTOVFF,2022-07-30,80
#LTOVFF,2022-07-31,2138
#LWQUGV,2022-07-17,1209
#LWQUGV,2022-07-18,7910
#LWQUGV,2022-07-19,10964
#LWQUGV,2022-07-20,5063
#LWQUGV,2022-07-21,5121
#LWQUGV,2022-07-22,3342
#LWQUGV,2022-07-23,1006
#LWQUGV,2022-07-24,29
#LWQUGV,2022-07-25,5357
#LWQUGV,2022-07-26,4026
#LWQUGV,2022-07-28,32
#LWQUGV,2022-08-01,19
#LWQUGV,2022-08-02,5251
#LWQUGV,2022-08-03,6
#LWQUGV,2022-08-05,2359
#LWQUGV,2022-08-06,1247
#LWQUGV,2022-08-07,1217
#LWQUGV,2022-08-08,1668
#LWQUGV,2022-08-10,2396
#LWQUGV,2022-08-11,29
#LWQUGV,2022-08-12,3721
#LWQUGV,2022-08-13,4392
#LWQUGV,2022-08-14,493
#LWQUGV,2022-08-15,3097
#LWQUGV,2022-08-16,7596
#LWQUGV,2022-08-17,1600
#LWQUGV,2022-08-18,2960
#LWQUGV,2022-08-19,9967
#LWQUGV,2022-08-20,10937
#LWQUGV,2022-08-21,1487
#LWQUGV,2022-08-22,4107
#LWQUGV,2022-08-23,4324
#LWQUGV,2022-08-24,3354
#LWQUGV,2022-08-25,5049
#LWQUGV,2022-08-26,24
#MBBOVB,2022-07-15,18417
#MBBOVB,2022-07-16,230
#MBBOVB,2022-07-17,2463
#MBBOVB,2022-07-18,19278
#MBBOVB,2022-07-19,15575
#MBBOVB,2022-07-20,15708
#MBBOVB,2022-07-22,9914
#MBBOVB,2022-07-23,1281
#MBBOVB,2022-07-24,92
#MBBOVB,2022-07-25,5808
#MBBOVB,2022-07-26,4171
#MBBOVB,2022-07-27,10894
#MBBOVB,2022-07-28,14
#MBBOVB,2022-07-29,184
#MBBOVB,2022-07-30,5818
#MBBOVB,2022-07-31,764
#MBBOVB,2022-08-03,7136
#MBBOVB,2022-08-04,469
#MBBOVB,2022-08-05,1316
#MBBOVB,2022-08-06,8045
#MBBOVB,2022-08-07,263
#MBBOVB,2022-08-10,4134
#MBBOVB,2022-08-11,803
#MBBOVB,2022-08-14,1791
#MBBOVB,2022-08-15,7410
#MBBOVB,2022-08-17,17
#MBBOVB,2022-08-18,8424
#MBBOVB,2022-08-19,11504
#MBBOVB,2022-08-22,5484
#MBBOVB,2022-08-23,9104
#MBBOVB,2022-08-24,62
#MECCZU,2022-07-14,56
#MECCZU,2022-07-15,31
#MECCZU,2022-07-17,4368
#MECCZU,2022-07-21,899
#MECCZU,2022-07-22,9502
#MECCZU,2022-07-23,65
#MECCZU,2022-07-24,4561
#MECCZU,2022-07-25,2773
#MECCZU,2022-07-26,64
#MECCZU,2022-07-28,41
#MECCZU,2022-07-30,50
#MECCZU,2022-08-02,1554
#MECCZU,2022-08-03,3308
#MECCZU,2022-08-04,4253
#MECCZU,2022-08-05,197
#MECCZU,2022-08-07,520
#MECCZU,2022-08-08,1805
#MECCZU,2022-08-09,1533
#MECCZU,2022-08-11,3208
#MECCZU,2022-08-14,36
#MECCZU,2022-08-16,3680
#MECCZU,2022-08-17,63
#MECCZU,2022-08-20,77
#MECCZU,2022-08-22,3983
#MLSTQB,2022-07-16,677
#MLSTQB,2022-07-17,1880
#MLSTQB,2022-07-18,1580
#MLSTQB,2022-07-20,3486
#MLSTQB,2022-07-21,1616
#MLSTQB,2022-07-26,237
#MLSTQB,2022-07-30,65
#MLSTQB,2022-08-02,2518
#MLSTQB,2022-08-11,16
#MLSTQB,2022-08-21,135
#MSBFJF,2022-07-27,100
#MSBFJF,2022-07-28,23
#MSBFJF,2022-07-29,87
#MXMPCG,2022-07-18,5430
#MXMPCG,2022-07-21,8110
#NFPTQD,2022-08-03,804
#NFPTQD,2022-08-04,3310
#NFPTQD,2022-08-06,1287
#NFPTQD,2022-08-07,2619
#NFPTQD,2022-08-11,1141
#NFPTQD,2022-08-12,1966
#NFPTQD,2022-08-13,1329
#NFPTQD,2022-08-24,7567
#NGVUYX,2022-07-22,8
#NGVUYX,2022-07-23,34
#NLNFZG,2022-07-20,12210
#NLNFZG,2022-07-22,14996
#NMFCIG,2022-07-28,636
#NNTMFM,2022-07-22,59
#NNTMFM,2022-07-23,151
#NNTMFM,2022-07-24,158
#NNTMFM,2022-07-25,18
#NNTMFM,2022-07-26,49
#NNTMFM,2022-07-31,45
#NNTMFM,2022-08-03,33
#NNTMFM,2022-08-08,33
#NNTMFM,2022-08-09,10
#NNTMFM,2022-08-10,18
#NNTMFM,2022-08-11,152
#NNTMFM,2022-08-24,4
#NPYNVO,2022-07-16,6145
#NPYNVO,2022-07-17,264
#NPYNVO,2022-07-20,3356
#NPYNVO,2022-07-21,13884
#NPYNVO,2022-07-23,6549
#NPYNVO,2022-07-25,7757
#NPYNVO,2022-07-26,1141
#NPYNVO,2022-07-27,5437
#NPYNVO,2022-07-29,166
#NPYNVO,2022-07-30,9964
#NPYNVO,2022-08-01,50
#NQLSEW,2022-07-18,3812
#NQLSEW,2022-07-19,3084
#NQLSEW,2022-07-20,3348
#NQLSEW,2022-07-21,4014
#NQLSEW,2022-07-22,4356
#NQLSEW,2022-07-24,7013
#NQLSEW,2022-07-25,2716
#NQLSEW,2022-07-26,2514
#NQLSEW,2022-07-27,2039
#NQLSEW,2022-08-01,1727
#NQLSEW,2022-08-10,3629
#NSSMHA,2022-07-15,5092
#NSSMHA,2022-07-16,2512
#NSSMHA,2022-07-17,9
#NSSMHA,2022-07-18,6000
#NSSMHA,2022-07-20,6731
#NSSMHA,2022-07-28,2945
#NUIRAS,2022-07-22,6768
#NUIRAS,2022-07-24,75
#NUIRAS,2022-07-26,7
#NUIRAS,2022-07-27,61
#NUIRAS,2022-07-28,157
#NUIRAS,2022-07-29,36
#NUIRAS,2022-07-30,220
#NUIRAS,2022-07-31,33
#NUIRAS,2022-08-01,225
#NUIRAS,2022-08-03,43
#NUIRAS,2022-08-08,3196
#NUIRAS,2022-08-09,25
#NUIRAS,2022-08-10,20
#NUIRAS,2022-08-11,4022
#NUIRAS,2022-08-12,355
#NUIRAS,2022-08-15,3623
#NUIRAS,2022-08-16,420
#NUIRAS,2022-08-17,865
#NUIRAS,2022-08-18,4130
#NUIRAS,2022-08-19,9248
#NUIRAS,2022-08-21,274
#NUIRAS,2022-08-22,2803
#NUIRAS,2022-08-23,18
#NUIRAS,2022-08-24,167
#NVEULE,2022-07-26,1380
#NVEULE,2022-08-11,75
#OAZBYI,2022-07-16,7814
#OAZBYI,2022-07-17,882
#OAZBYI,2022-07-18,4486
#OAZBYI,2022-07-19,3776
#OAZBYI,2022-07-20,2740
#OAZBYI,2022-07-22,5477
#OAZBYI,2022-07-23,647
#OAZBYI,2022-07-26,2354
#OAZBYI,2022-07-27,1339
#OAZBYI,2022-07-29,1244
#OAZBYI,2022-07-31,642
#OAZBYI,2022-08-01,4517
#OAZBYI,2022-08-07,12
#OAZBYI,2022-08-13,348
#OAZBYI,2022-08-16,1761
#OCSNBT,2022-07-30,35
#ODCPPO,2022-07-19,2969
#ODCPPO,2022-07-20,81
#ODCPPO,2022-07-21,15718
#ODCPPO,2022-07-22,12883
#ODCPPO,2022-07-24,223
#ODCPPO,2022-07-25,13342
#ODCPPO,2022-07-26,15356
#ODCPPO,2022-07-27,3325
#ODCPPO,2022-07-28,6353
#ODCPPO,2022-08-02,14062
#ODCPPO,2022-08-11,14246
#ODCPPO,2022-08-12,24
#ODCPPO,2022-08-13,15157
#ODCPPO,2022-08-16,15918
#ODCPPO,2022-08-17,9
#ODCPPO,2022-08-18,19
#ODCPPO,2022-08-19,592
#ODCPPO,2022-08-24,18
#ODCPPO,2022-08-26,194
#OPLOII,2022-07-20,2410
#OPQISQ,2022-07-15,6604
#OPQISQ,2022-07-16,38
#OPQISQ,2022-07-20,3478
#OPQISQ,2022-07-22,7037
#OPQISQ,2022-07-23,151
#OPQISQ,2022-07-24,2012
#OPQISQ,2022-07-25,51
#OPQISQ,2022-07-26,762
#OPQISQ,2022-07-27,20
#OPQISQ,2022-07-28,32
#OPQISQ,2022-07-29,197
#OPQISQ,2022-07-30,25
#OPQISQ,2022-08-01,26
#OPQISQ,2022-08-02,604
#OPQISQ,2022-08-03,63
#OPQISQ,2022-08-04,681
#OPQISQ,2022-08-06,85
#OPQISQ,2022-08-07,33
#OPQISQ,2022-08-08,79
#OPQISQ,2022-08-09,323
#OPQISQ,2022-08-10,223
#OPQISQ,2022-08-11,70
#OPQISQ,2022-08-13,70
#OPQISQ,2022-08-16,2012
#OPQISQ,2022-08-17,15
#OPQISQ,2022-08-18,4504
#OPQISQ,2022-08-19,17
#OPQISQ,2022-08-21,16
#OPQISQ,2022-08-22,742
#OPQISQ,2022-08-23,4812
#OPQISQ,2022-08-24,2936
#OPQISQ,2022-08-25,3124
#OQJTQJ,2022-07-26,16116
#OQJTQJ,2022-07-27,12198
#OQJTQJ,2022-07-28,9632
#OQJTQJ,2022-07-29,388
#OQJTQJ,2022-07-30,6396
#OQJTQJ,2022-08-02,56
#OQJTQJ,2022-08-03,3690
#OQJTQJ,2022-08-05,4505
#OQJTQJ,2022-08-25,28
#OQJTQJ,2022-08-26,175
#ORMLHE,2022-07-28,718
#ORMLHE,2022-07-29,1016
#ORMLHE,2022-07-31,15
#ORMLHE,2022-08-12,1938
#ORMLHE,2022-08-14,323
#ORMLHE,2022-08-21,12825
#OSIARP,2022-07-21,5795
#OSMFRU,2022-08-08,4417
#OSMFRU,2022-08-10,1719
#OSMFRU,2022-08-11,182
#OSMFRU,2022-08-12,201
#OUCQEF,2022-07-15,27
#OUCQEF,2022-07-16,622
#OUCQEF,2022-07-17,316
#OUCQEF,2022-07-18,700
#OUCQEF,2022-07-19,3179
#OUCQEF,2022-07-20,4126
#OUCQEF,2022-07-21,4947
#OUCQEF,2022-07-22,6377
#OUCQEF,2022-07-23,47
#OUCQEF,2022-07-24,9
#OUCQEF,2022-07-25,4626
#OUCQEF,2022-07-26,3601
#OUCQEF,2022-07-27,2655
#OUCQEF,2022-07-30,6581
#OUCQEF,2022-08-07,358
#OUCQEF,2022-08-09,4475
#OUCQEF,2022-08-11,26
#OUCQEF,2022-08-22,10095
#OUCQEF,2022-08-23,2617
#OUCQEF,2022-08-24,3727
#OUCQEF,2022-08-25,9994
#OUCQEF,2022-08-26,150
#OVFQBV,2022-07-15,1848
#OVFQBV,2022-07-16,1361
#OVFQBV,2022-07-17,3562
#OVFQBV,2022-07-18,10078
#OVFQBV,2022-07-19,6953
#OVFQBV,2022-07-20,9624
#OVFQBV,2022-07-21,6470
#OVFQBV,2022-07-22,6338
#OVFQBV,2022-07-25,3711
#OVFQBV,2022-07-26,194
#OVFQBV,2022-07-27,8724
#OVFQBV,2022-07-28,9286
#OVFQBV,2022-07-29,119
#OVFQBV,2022-07-31,1698
#OVFQBV,2022-08-01,6717
#OVFQBV,2022-08-02,58
#OVFQBV,2022-08-03,41
#OVFQBV,2022-08-04,9554
#OVFQBV,2022-08-05,2799
#OVFQBV,2022-08-07,2147
#OVFQBV,2022-08-08,63
#OVFQBV,2022-08-09,148
#OVFQBV,2022-08-10,21
#OVFQBV,2022-08-11,5184
#OVFQBV,2022-08-12,10058
#OVFQBV,2022-08-16,6
#OVFQBV,2022-08-23,8210
#PBIOUO,2022-07-16,73
#PELXYS,2022-07-19,74
#PELXYS,2022-07-20,4757
#PELXYS,2022-07-21,15
#PELXYS,2022-07-22,6324
#PELXYS,2022-07-23,1789
#PELXYS,2022-07-31,186
#PJZXJV,2022-07-20,4714
#PJZXJV,2022-07-21,369
#PPKKCN,2022-07-15,4384
#PPKKCN,2022-07-16,2846
#PPKKCN,2022-07-18,1264
#PPKKCN,2022-07-19,10719
#PPKKCN,2022-07-20,5980
#PPKKCN,2022-07-21,4922
#PPKKCN,2022-07-22,6567
#PPKKCN,2022-07-23,6915
#PPKKCN,2022-07-24,14573
#PPKKCN,2022-07-25,14848
#PPKKCN,2022-07-27,9019
#PPKKCN,2022-07-28,6730
#PPKKCN,2022-07-29,3860
#PPKKCN,2022-07-30,2116
#PPKKCN,2022-07-31,474
#PPKKCN,2022-08-03,7362
#PPKKCN,2022-08-05,4393
#PPKKCN,2022-08-06,4097
#PPKKCN,2022-08-07,1514
#PPKKCN,2022-08-09,7602
#PPKKCN,2022-08-11,5393
#PPKKCN,2022-08-13,9094
#PPKKCN,2022-08-14,3475
#PPKKCN,2022-08-15,9115
#PPKKCN,2022-08-16,3450
#PPKKCN,2022-08-17,2930
#PPKKCN,2022-08-18,5384
#PPKKCN,2022-08-20,10350
#PPKKCN,2022-08-21,3572
#PPKKCN,2022-08-22,9839
#PPKKCN,2022-08-23,4535
#PPKKCN,2022-08-24,8168
#PPKKCN,2022-08-25,11155
#PTQTQK,2022-07-16,6344
#PTQTQK,2022-07-17,8610
#PTQTQK,2022-07-18,4762
#PTQTQK,2022-07-20,5941
#PTQTQK,2022-07-23,130
#PTQTQK,2022-07-24,108
#PTQTQK,2022-07-31,19518
#PTQTQK,2022-08-01,71
#PTQTQK,2022-08-07,4489
#PZAQCA,2022-07-14,1249
#PZAQCA,2022-07-15,3579
#PZAQCA,2022-07-16,2215
#PZAQCA,2022-07-17,2242
#PZAQCA,2022-07-18,3998
#PZAQCA,2022-07-19,3178
#PZAQCA,2022-07-20,118
#PZAQCA,2022-07-21,2866
#PZAQCA,2022-07-23,19
#PZAQCA,2022-07-24,3350
#PZAQCA,2022-07-25,21
#PZAQCA,2022-07-26,3029
#PZAQCA,2022-07-27,77
#PZAQCA,2022-07-28,2328
#PZAQCA,2022-07-30,15
#PZAQCA,2022-08-03,74
#PZAQCA,2022-08-04,5208
#PZAQCA,2022-08-06,6723
#PZAQCA,2022-08-09,1729
#PZAQCA,2022-08-15,3506
#PZAQCA,2022-08-16,1835
#PZAQCA,2022-08-17,1965
#PZAQCA,2022-08-19,56
#PZAQCA,2022-08-22,3513
#QCYHCB,2022-07-15,1911
#QCYHCB,2022-07-18,41
#QCYHCB,2022-07-19,7323
#QCYHCB,2022-07-20,4707
#QCYHCB,2022-07-21,2162
#QCYHCB,2022-07-22,12625
#QCYHCB,2022-07-23,3705
#QCYHCB,2022-07-25,1870
#QCYHCB,2022-07-26,1963
#QCYHCB,2022-07-28,5492
#QCYHCB,2022-07-29,2272
#QCYHCB,2022-07-30,338
#QCYHCB,2022-07-31,4438
#QCYHCB,2022-08-01,222
#QCYHCB,2022-08-04,4307
#QCYHCB,2022-08-05,755
#QCYHCB,2022-08-07,44
#QCYHCB,2022-08-08,76
#QCYHCB,2022-08-11,78
#QCYHCB,2022-08-14,1506
#QDOANU,2022-07-15,5294
#QDOANU,2022-07-16,1132
#QDOANU,2022-07-18,1969
#QDOANU,2022-07-19,2519
#QDOANU,2022-07-20,1392
#QDOANU,2022-07-21,3190
#QDOANU,2022-07-22,6411
#QDOANU,2022-07-24,3166
#QDOANU,2022-07-25,2539
#QDOANU,2022-07-27,395
#QDOANU,2022-07-28,136
#QDOANU,2022-07-29,3833
#QDOANU,2022-07-30,1415
#QDOANU,2022-08-01,2101
#QDOANU,2022-08-02,1956
#QDOANU,2022-08-04,1249
#QDOANU,2022-08-05,101
#QDOANU,2022-08-06,2434
#QDOANU,2022-08-08,1803
#QDOANU,2022-08-09,1028
#QHJYKH,2022-08-02,508
#QHVIKJ,2022-07-24,766
#QHVIKJ,2022-08-12,13
#QHVIKJ,2022-08-21,452
#QHVIKJ,2022-08-22,127
#QHVIKJ,2022-08-23,7083
#QHVIKJ,2022-08-24,7066
#QHVIKJ,2022-08-25,5384
#QIOVJN,2022-07-20,7867
#QIOVJN,2022-07-21,7715
#QIOVJN,2022-07-22,8704
#QIOVJN,2022-07-23,15064
#QIOVJN,2022-07-24,3299
#QIOVJN,2022-07-27,54
#QIOVJN,2022-07-28,2317
#QIOVJN,2022-08-04,4235
#QIOVJN,2022-08-07,1744
#QLJNSM,2022-08-07,14993
#QLJNSM,2022-08-08,7787
#QLJNSM,2022-08-09,4593
#QLJNSM,2022-08-10,8189
#QLJNSM,2022-08-11,11246
#QLJNSM,2022-08-12,5976
#QLJNSM,2022-08-13,2980
#QLJNSM,2022-08-14,9879
#QLJNSM,2022-08-15,11050
#QLJNSM,2022-08-16,2323
#QLJNSM,2022-08-17,15370
#QLJNSM,2022-08-18,6739
#QLJNSM,2022-08-19,5852
#QLJNSM,2022-08-20,3533
#QLJNSM,2022-08-21,12906
#QLJNSM,2022-08-22,5366
#QLJNSM,2022-08-23,10837
#QLJNSM,2022-08-24,10021
#QLJNSM,2022-08-25,9888
#QLJNSM,2022-08-26,756
#QMWDAI,2022-07-18,3889
#QQFNCX,2022-07-14,208
#QQFNCX,2022-07-15,353
#QQFNCX,2022-07-17,8
#QQFNCX,2022-08-01,345
#QTTSUI,2022-07-18,7932
#RBLOCE,2022-08-11,8
#RBLOCE,2022-08-12,55
#RBLOCE,2022-08-13,433
#RBLOCE,2022-08-14,115
#RBLOCE,2022-08-15,1357
#RBLOCE,2022-08-16,8
#RBLOCE,2022-08-17,85
#RBLOCE,2022-08-18,138
#RBLOCE,2022-08-19,451
#RBLOCE,2022-08-20,826
#RBLOCE,2022-08-21,2444
#RBLOCE,2022-08-22,6293
#RBLOCE,2022-08-23,4179
#RBLOCE,2022-08-24,4439
#RBLOCE,2022-08-25,4287
#RBLOCE,2022-08-26,29
#RFNJIU,2022-08-01,2675
#RFNJIU,2022-08-02,5861
#RFNJIU,2022-08-03,2519
#RFNJIU,2022-08-04,3567
#RFNJIU,2022-08-05,7464
#RFNJIU,2022-08-06,9693
#RFNJIU,2022-08-07,5249
#RFNJIU,2022-08-08,5573
#RFNJIU,2022-08-09,1088
#RFNJIU,2022-08-10,5276
#RFNJIU,2022-08-11,4756
#RFNJIU,2022-08-12,2910
#RFNJIU,2022-08-13,77
#RFNJIU,2022-08-14,1194
#RFNJIU,2022-08-16,2208
#RFNJIU,2022-08-18,2054
#RFNJIU,2022-08-19,7422
#RFNJIU,2022-08-20,8440
#RFNJIU,2022-08-22,4156
#RFNJIU,2022-08-23,4945
#RFNJIU,2022-08-24,7926
#RFNJIU,2022-08-25,4796
#RFNJIU,2022-08-26,6
#RGHSWC,2022-07-27,240
#RGHSWC,2022-08-04,45
#RGHSWC,2022-08-06,372
#RGHSWC,2022-08-07,279
#RGHSWC,2022-08-09,150
#RGHSWC,2022-08-12,168
#RGHSWC,2022-08-13,463
#RGHSWC,2022-08-14,203
#RGHSWC,2022-08-18,4651
#RGHSWC,2022-08-19,68
#RICLAP,2022-07-15,21
#RICLAP,2022-07-16,57
#RICLAP,2022-07-17,37
#RICLAP,2022-07-19,3587
#RICLAP,2022-07-20,1538
#RICLAP,2022-07-21,1321
#RICLAP,2022-07-22,4141
#RICLAP,2022-07-23,152
#RICLAP,2022-07-25,3703
#RICLAP,2022-07-26,6426
#RICLAP,2022-07-27,4862
#RICLAP,2022-07-28,5846
#RICLAP,2022-07-29,404
#RICLAP,2022-07-30,235
#RICLAP,2022-07-31,51
#RICLAP,2022-08-01,7897
#RICLAP,2022-08-02,5704
#RICLAP,2022-08-03,2798
#RICLAP,2022-08-04,1680
#RICLAP,2022-08-07,71
#RICLAP,2022-08-08,3033
#RICLAP,2022-08-09,7002
#RICLAP,2022-08-10,2599
#RICLAP,2022-08-11,2333
#RICLAP,2022-08-12,1796
#RICLAP,2022-08-13,2083
#RICLAP,2022-08-15,5425
#RICLAP,2022-08-16,4587
#RICLAP,2022-08-17,3318
#RICLAP,2022-08-18,657
#RICLAP,2022-08-22,68
#RICLAP,2022-08-24,2052
#RLGZRR,2022-07-15,1115
#RLGZRR,2022-07-16,12277
#RLGZRR,2022-07-17,8
#RLGZRR,2022-07-18,1097
#RLGZRR,2022-07-19,7083
#RLGZRR,2022-07-20,518
#RLGZRR,2022-07-21,1026
#RLGZRR,2022-07-28,359
#RLGZRR,2022-07-30,7
#RLGZRR,2022-08-02,31
#RLGZRR,2022-08-04,8
#RLGZRR,2022-08-05,3428
#RLGZRR,2022-08-06,16
#RLGZRR,2022-08-07,11
#RLGZRR,2022-08-09,33
#RLGZRR,2022-08-10,71
#RLGZRR,2022-08-20,711
#RLGZRR,2022-08-23,138
#RPFIEI,2022-07-17,5055
#RPFIEI,2022-07-18,9348
#RPFIEI,2022-07-19,15386
#RPFIEI,2022-07-23,180
#RQJGFH,2022-07-21,9337
#RQJGFH,2022-07-23,12286
#RQJGFH,2022-07-24,6396
#RQJGFH,2022-07-25,3204
#RQJGFH,2022-07-26,5270
#RQJGFH,2022-07-27,9207
#RQJGFH,2022-07-28,19172
#RQJGFH,2022-07-29,12248
#RQJGFH,2022-07-30,16585
#RQJGFH,2022-07-31,9705
#RQJGFH,2022-08-01,16035
#RQJGFH,2022-08-02,12142
#RQJGFH,2022-08-03,4441
#RQJGFH,2022-08-04,8959
#RQJGFH,2022-08-05,8202
#RQJGFH,2022-08-06,3514
#RQJGFH,2022-08-07,3661
#RQJGFH,2022-08-08,7089
#RQJGFH,2022-08-09,8802
#RQJGFH,2022-08-10,8475
#RQJGFH,2022-08-11,14064
#RQJGFH,2022-08-12,8542
#RQJGFH,2022-08-13,3529
#RQJGFH,2022-08-14,13829
#RQJGFH,2022-08-15,1353
#RQJGFH,2022-08-16,9961
#RQJGFH,2022-08-17,3874
#RQJGFH,2022-08-18,14163
#RQJGFH,2022-08-19,4283
#RQJGFH,2022-08-20,2321
#RQJGFH,2022-08-21,26581
#RQJGFH,2022-08-22,10220
#RQJGFH,2022-08-23,6803
#RQJGFH,2022-08-24,10741
#RQJGFH,2022-08-25,7925
#RSBNZE,2022-07-17,324
#RSBNZE,2022-07-18,110
#RSHHNP,2022-07-22,854
#RSHHNP,2022-07-23,3619
#RSHHNP,2022-07-25,552
#RSHHNP,2022-07-28,5431
#RSHHNP,2022-07-29,2922
#RSHHNP,2022-07-30,15
#RSHHNP,2022-08-03,2864
#RSHHNP,2022-08-05,345
#RSHHNP,2022-08-06,1460
#RSHHNP,2022-08-07,239
#RTZCOB,2022-07-17,2326
#RTZCOB,2022-07-18,7653
#RTZCOB,2022-07-19,9735
#RTZCOB,2022-07-20,8451
#RTZCOB,2022-07-21,7368
#RTZCOB,2022-07-24,16
#RTZCOB,2022-07-26,1013
#RTZCOB,2022-08-02,3424
#RTZCOB,2022-08-03,22
#RTZCOB,2022-08-06,920
#RTZCOB,2022-08-07,507
#RTZCOB,2022-08-10,381
#RTZCOB,2022-08-13,3631
#RTZCOB,2022-08-14,419
#RTZCOB,2022-08-16,4611
#RTZCOB,2022-08-17,100
#RTZCOB,2022-08-18,3512
#RTZCOB,2022-08-19,5538
#RTZCOB,2022-08-21,4883
#RTZCOB,2022-08-22,4968
#RTZCOB,2022-08-23,7238
#RTZCOB,2022-08-24,7193
#RTZCOB,2022-08-25,4218
#RTZCOB,2022-08-26,17
#RWYAMP,2022-07-22,82
#RWYAMP,2022-07-23,9784
#RWYAMP,2022-07-24,162
#RWYAMP,2022-07-25,3903
#RWYAMP,2022-07-26,14487
#RWYAMP,2022-07-27,6013
#RWYAMP,2022-07-29,3931
#RWYAMP,2022-08-01,3020
#RWYAMP,2022-08-02,6014
#RWYAMP,2022-08-03,1991
#RWYAMP,2022-08-04,3043
#RWYAMP,2022-08-05,4495
#RWYAMP,2022-08-06,4606
#RWYAMP,2022-08-07,262
#RWYAMP,2022-08-08,5602
#RWYAMP,2022-08-09,9418
#RWYAMP,2022-08-10,7778
#RWYAMP,2022-08-12,10392
#RWYAMP,2022-08-13,9368
#RWYAMP,2022-08-14,3062
#RWYAMP,2022-08-15,1920
#RWYAMP,2022-08-16,5014
#RWYAMP,2022-08-17,9144
#RWYAMP,2022-08-18,5129
#RWYAMP,2022-08-19,8695
#RWYAMP,2022-08-20,5385
#RWYAMP,2022-08-21,1110
#RWYAMP,2022-08-22,8048
#RWYAMP,2022-08-23,3159
#RWYAMP,2022-08-24,8065
#RWYAMP,2022-08-25,6345
#SEEIRB,2022-07-22,4947
#SKRDZV,2022-07-18,1693
#SKRDZV,2022-07-19,912
#SKRDZV,2022-07-21,1899
#SKRDZV,2022-07-22,2688
#SKRDZV,2022-07-24,491
#SKRDZV,2022-07-28,49
#SKRDZV,2022-07-29,25
#SKRDZV,2022-07-30,39
#SKRDZV,2022-07-31,54
#SKRDZV,2022-08-01,24
#SKRDZV,2022-08-02,22
#SKRDZV,2022-08-03,2695
#SKRDZV,2022-08-04,3323
#SKRDZV,2022-08-05,27
#SKRDZV,2022-08-10,3234
#SKRDZV,2022-08-11,5446
#SKRDZV,2022-08-12,24
#SKRDZV,2022-08-13,618
#SKRDZV,2022-08-20,7052
#SKRDZV,2022-08-22,4642
#STKOGH,2022-07-26,2788
#STKOGH,2022-07-30,1700
#STKOGH,2022-08-09,1711
#STKOGH,2022-08-10,2980
#STKOGH,2022-08-11,3801
#STKOGH,2022-08-12,7753
#STKOGH,2022-08-13,2194
#STKOGH,2022-08-14,1137
#STKOGH,2022-08-15,1590
#STKOGH,2022-08-16,3532
#STKOGH,2022-08-17,2153
#STKOGH,2022-08-18,3921
#STKOGH,2022-08-19,6301
#STKOGH,2022-08-20,2535
#STKOGH,2022-08-21,1675
#STKOGH,2022-08-22,3459
#STKOGH,2022-08-23,5561
#SVYAPH,2022-07-20,3526
#SVYAPH,2022-07-21,4056
#SVYAPH,2022-07-22,5550
#SVYAPH,2022-07-23,2840
#SVYAPH,2022-07-24,3650
#SVYAPH,2022-07-25,3477
#SVYAPH,2022-07-26,1978
#SVYAPH,2022-07-29,5930
#SVYAPH,2022-07-30,2515
#SVYAPH,2022-07-31,8
#SVYAPH,2022-08-01,191
#SVYAPH,2022-08-02,4135
#SVYAPH,2022-08-03,6148
#SVYAPH,2022-08-04,2040
#SVYAPH,2022-08-06,5309
#SVYAPH,2022-08-07,3718
#SVYAPH,2022-08-09,1552
#SVYAPH,2022-08-10,6005
#SVYAPH,2022-08-11,1196
#SVYAPH,2022-08-12,10373
#SVYAPH,2022-08-14,5437
#SVYAPH,2022-08-15,2280
#SVYAPH,2022-08-16,1411
#SVYAPH,2022-08-17,6130
#SVYAPH,2022-08-18,427
#SVYAPH,2022-08-19,192
#SVYAPH,2022-08-20,14
#SVYAPH,2022-08-21,1379
#SVYAPH,2022-08-22,3284
#SVYAPH,2022-08-23,2930
#SVYAPH,2022-08-24,9331
#SVYAPH,2022-08-25,7710
#TBXKMG,2022-07-22,2009
#TBXKMG,2022-07-23,17210
#TBXKMG,2022-07-24,1451
#TBXKMG,2022-07-25,5215
#TBXKMG,2022-07-26,8385
#TBXKMG,2022-07-27,2135
#TBXKMG,2022-07-28,4556
#TBXKMG,2022-07-29,9567
#TBXKMG,2022-07-30,12482
#TBXKMG,2022-07-31,8345
#TBXKMG,2022-08-01,7715
#TBXKMG,2022-08-02,9096
#TBXKMG,2022-08-03,9076
#TBXKMG,2022-08-04,7829
#TBXKMG,2022-08-05,7656
#TBXKMG,2022-08-06,7731
#TBXKMG,2022-08-07,1905
#TBXKMG,2022-08-08,80
#TBXKMG,2022-08-09,4063
#TBXKMG,2022-08-10,3885
#TBXKMG,2022-08-11,12117
#TBXKMG,2022-08-12,1078
#TBXKMG,2022-08-13,16887
#TBXKMG,2022-08-14,4684
#TBXKMG,2022-08-15,2542
#TBXKMG,2022-08-16,2857
#TBXKMG,2022-08-17,11447
#TBXKMG,2022-08-18,9681
#TBXKMG,2022-08-19,10717
#TBXKMG,2022-08-20,16657
#TBXKMG,2022-08-21,2272
#TBXKMG,2022-08-22,2499
#TBXKMG,2022-08-23,9636
#TBXKMG,2022-08-24,6412
#TBXKMG,2022-08-25,8728
#TBXKMG,2022-08-26,35
#TDUGLW,2022-07-15,3478
#TDUGLW,2022-07-17,113
#TDUGLW,2022-07-20,3564
#TDUGLW,2022-07-21,3123
#TDUGLW,2022-07-22,119
#TDUGLW,2022-07-24,23
#TJWCPN,2022-07-25,2869
#TJWCPN,2022-07-26,6399
#TJWCPN,2022-07-27,3718
#TJWCPN,2022-07-28,428
#TJWCPN,2022-07-29,608
#TJWCPN,2022-07-31,14
#TJWCPN,2022-08-01,6272
#TJWCPN,2022-08-02,5995
#TJWCPN,2022-08-03,8719
#TJWCPN,2022-08-04,5787
#TJWCPN,2022-08-05,10561
#TJWCPN,2022-08-06,174
#TJWCPN,2022-08-07,21
#TJWCPN,2022-08-08,325
#TJWCPN,2022-08-09,5711
#TJWCPN,2022-08-10,101
#TJWCPN,2022-08-11,702
#TJWCPN,2022-08-13,1848
#TJWCPN,2022-08-14,172
#TJWCPN,2022-08-15,311
#TJWCPN,2022-08-16,321
#TJWCPN,2022-08-17,4452
#TJWCPN,2022-08-18,85
#TJWCPN,2022-08-19,120
#TJWCPN,2022-08-21,413
#TJWCPN,2022-08-22,4913
#TJWCPN,2022-08-23,8431
#TJWCPN,2022-08-24,107
#TJWCPN,2022-08-25,7292
#TKAXYC,2022-07-30,18
#TKAXYC,2022-08-11,1417
#TKAXYC,2022-08-14,73
#TKAXYC,2022-08-17,3145
#TKAXYC,2022-08-24,3180
#TLKMEP,2022-07-14,4125
#TLKMEP,2022-07-21,3030
#TLKMEP,2022-07-24,645
#TQYPSR,2022-07-23,21
#TRJDPD,2022-07-14,6889
#TRJDPD,2022-07-15,7354
#TRJDPD,2022-07-16,16694
#TRJDPD,2022-07-17,3313
#TRJDPD,2022-07-18,3608
#TRJDPD,2022-07-19,2729
#TRJDPD,2022-07-20,6708
#TRJDPD,2022-07-21,3630
#TRJDPD,2022-07-22,7180
#TRJDPD,2022-07-23,5442
#TRJDPD,2022-07-24,2600
#TRJDPD,2022-07-25,10257
#TRJDPD,2022-07-26,9704
#TRJDPD,2022-07-27,11
#TRJDPD,2022-07-28,5574
#TRJDPD,2022-07-29,10
#TRJDPD,2022-07-30,2905
#TRJDPD,2022-07-31,6584
#TRJDPD,2022-08-01,5546
#TRJDPD,2022-08-02,29
#TRJDPD,2022-08-03,1860
#TRJDPD,2022-08-04,5326
#TRJDPD,2022-08-07,1579
#TRJDPD,2022-08-11,4434
#TRJDPD,2022-08-16,3067
#TRJDPD,2022-08-17,1456
#TRJDPD,2022-08-18,1486
#TRJDPD,2022-08-19,3864
#TRJDPD,2022-08-21,2942
#TRJDPD,2022-08-22,31
#TRJDPD,2022-08-23,2601
#TRJDPD,2022-08-24,3100
#TRJDPD,2022-08-25,1375
#TRJDPD,2022-08-26,12
#TWGBAQ,2022-07-28,5780
#TWGBAQ,2022-08-05,5779
#TWGBAQ,2022-08-06,4596
#TWGBAQ,2022-08-07,1582
#TWGBAQ,2022-08-08,4152
#TWGBAQ,2022-08-10,1100
#TWGBAQ,2022-08-12,5620
#TWGBAQ,2022-08-13,3090
#TWGBAQ,2022-08-17,8835
#TWGBAQ,2022-08-18,6756
#TWGBAQ,2022-08-19,6275
#TWGBAQ,2022-08-20,3554
#TWGBAQ,2022-08-21,2735
#TWGBAQ,2022-08-22,6055
#TWGBAQ,2022-08-23,6858
#TWGBAQ,2022-08-24,6396
#TWGBAQ,2022-08-25,3395
#UAELOE,2022-07-30,421
#UAELOE,2022-08-02,618
#UAELOE,2022-08-03,2109
#UAELOE,2022-08-04,145
#UAELOE,2022-08-07,2179
#UAELOE,2022-08-08,61
#UAELOE,2022-08-09,388
#UAELOE,2022-08-10,106
#UAELOE,2022-08-11,447
#UAELOE,2022-08-12,21
#UAELOE,2022-08-13,1632
#UFYVLG,2022-07-14,318
#UFYVLG,2022-07-15,722
#UFYVLG,2022-07-17,307
#UFYVLG,2022-07-19,2626
#UFYVLG,2022-07-21,199
#UFYVLG,2022-07-23,9
#UFYVLG,2022-07-24,36
#UFYVLG,2022-07-28,34
#UGQVYG,2022-07-21,138
#UGQVYG,2022-07-22,3209
#UGQVYG,2022-08-03,228
#UGQVYG,2022-08-04,16
#UGQVYG,2022-08-06,85
#UGQVYG,2022-08-13,18
#UGQVYG,2022-08-15,105
#UGQVYG,2022-08-16,17474
#UGQVYG,2022-08-17,9046
#UGQVYG,2022-08-24,6875
#UGQVYG,2022-08-25,4938
#UMVHXH,2022-08-03,14
#UPNVNH,2022-07-19,177
#UWBEQZ,2022-08-18,448
#UWBEQZ,2022-08-23,2725
#UWBEQZ,2022-08-24,3602
#UXCVXJ,2022-07-28,6114
#UXCVXJ,2022-08-03,2799
#UXCVXJ,2022-08-11,3577
#UXCVXJ,2022-08-21,93
#UXCVXJ,2022-08-22,1339
#UXCVXJ,2022-08-25,1186
#UZLYKH,2022-07-20,53
#UZLYKH,2022-07-21,6047
#UZLYKH,2022-07-24,6185
#UZLYKH,2022-07-29,115
#UZLYKH,2022-07-30,4236
#UZLYKH,2022-08-09,4254
#VCASDU,2022-07-22,28
#VCASDU,2022-07-23,18
#VCASDU,2022-07-24,22
#VCASDU,2022-07-25,288
#VCASDU,2022-07-26,6
#VCASDU,2022-07-27,89
#VCASDU,2022-07-29,313
#VCASDU,2022-08-01,5
#VCASDU,2022-08-02,26
#VCASDU,2022-08-09,576
#VCASDU,2022-08-10,4771
#VCASDU,2022-08-11,3259
#VCASDU,2022-08-13,3085
#VCASDU,2022-08-14,6494
#VCASDU,2022-08-18,21
#VCASDU,2022-08-19,2876
#VCASDU,2022-08-20,7253
#VCASDU,2022-08-21,6714
#VCASDU,2022-08-23,2669
#VCASDU,2022-08-25,55
#VDANBE,2022-07-14,107
#VDANBE,2022-07-15,4697
#VDANBE,2022-07-16,374
#VDANBE,2022-07-17,8471
#VDANBE,2022-07-18,5039
#VDANBE,2022-07-19,57
#VDANBE,2022-07-20,243
#VDANBE,2022-07-21,2658
#VDANBE,2022-07-22,398
#VDANBE,2022-07-23,42
#VDANBE,2022-07-24,7
#VDANBE,2022-07-25,13879
#VDANBE,2022-07-26,5416
#VDANBE,2022-07-27,4706
#VDANBE,2022-07-28,4681
#VDANBE,2022-07-29,10242
#VDANBE,2022-07-30,3317
#VDANBE,2022-07-31,146
#VDANBE,2022-08-01,28586
#VDANBE,2022-08-02,3428
#VDANBE,2022-08-03,19
#VDANBE,2022-08-04,10157
#VDANBE,2022-08-05,544
#VDANBE,2022-08-06,5591
#VDANBE,2022-08-07,964
#VDANBE,2022-08-09,1172
#VDANBE,2022-08-10,16
#VDANBE,2022-08-11,1525
#VDANBE,2022-08-12,10808
#VDANBE,2022-08-13,8319
#VDANBE,2022-08-15,4479
#VDANBE,2022-08-16,3249
#VDANBE,2022-08-17,3860
#VDANBE,2022-08-18,7169
#VDANBE,2022-08-19,16075
#VDANBE,2022-08-20,44
#VDANBE,2022-08-21,5732
#VDANBE,2022-08-22,18
#VDANBE,2022-08-23,5197
#VDANBE,2022-08-24,10076
#VDANBE,2022-08-25,11665
#VDANBE,2022-08-26,11
#VFMBGQ,2022-07-22,6722
#VFMBGQ,2022-07-25,27
#VFMBGQ,2022-07-26,7124
#VFMBGQ,2022-07-27,7098
#VFMBGQ,2022-07-28,2455
#VFMBGQ,2022-07-29,2062
#VFMBGQ,2022-07-31,4350
#VFMBGQ,2022-08-01,7004
#VFMBGQ,2022-08-02,7543
#VFMBGQ,2022-08-03,14879
#VFMBGQ,2022-08-05,14993
#VFMBGQ,2022-08-06,3012
#VFMBGQ,2022-08-09,5838
#VFMBGQ,2022-08-10,34
#VFMBGQ,2022-08-11,5056
#VFMBGQ,2022-08-12,3737
#VFMBGQ,2022-08-14,9655
#VFMBGQ,2022-08-16,5807
#VFMBGQ,2022-08-17,3095
#VFMBGQ,2022-08-18,3535
#VFMBGQ,2022-08-19,3546
#VFMBGQ,2022-08-20,11193
#VFMBGQ,2022-08-22,4398
#VISGNX,2022-07-28,8588
#VMIFLB,2022-07-14,35
#VRTPTS,2022-07-19,9184
#VWEBHU,2022-07-16,2452
#VWEBHU,2022-07-17,78
#VWEBHU,2022-07-18,19748
#VWEBHU,2022-07-20,67
#VWEBHU,2022-07-27,127
#VWEBHU,2022-07-28,11139
#VWEBHU,2022-08-01,15452
#VWEBHU,2022-08-03,9216
#VWEBHU,2022-08-06,1428
#VWEBHU,2022-08-19,8665
#VWEBHU,2022-08-23,46
#WBSOAF,2022-07-25,212
#WBSOAF,2022-07-26,421
#WBSOAF,2022-07-27,255
#WBSOAF,2022-07-28,334
#WBSOAF,2022-07-29,377
#WBSOAF,2022-07-30,419
#WBSOAF,2022-07-31,95
#WBSOAF,2022-08-01,81
#WBSOAF,2022-08-02,89
#WBSOAF,2022-08-03,280
#WBSOAF,2022-08-04,37
#WBSOAF,2022-08-05,559
#WBSOAF,2022-08-06,3556
#WBSOAF,2022-08-07,2023
#WBSOAF,2022-08-08,188
#WBSOAF,2022-08-10,1515
#WBSOAF,2022-08-11,10094
#WBSOAF,2022-08-14,8375
#WBSOAF,2022-08-15,9220
#WBSOAF,2022-08-16,833
#WBSOAF,2022-08-17,1157
#WBSOAF,2022-08-18,291
#WBSOAF,2022-08-19,1077
#WBSOAF,2022-08-20,228
#WBSOAF,2022-08-21,85
#WBSOAF,2022-08-22,47
#WBSOAF,2022-08-23,40
#WBSOAF,2022-08-25,39
#WBSOAF,2022-08-26,24
#WKJWPA,2022-07-14,363
#WKJWPA,2022-07-15,4237
#WKJWPA,2022-07-16,2874
#WKJWPA,2022-07-17,2336
#WKJWPA,2022-07-18,4809
#WKJWPA,2022-07-19,4142
#WKJWPA,2022-07-20,9450
#WKJWPA,2022-07-21,9813
#WKJWPA,2022-07-22,3248
#WKJWPA,2022-07-23,451
#WKJWPA,2022-07-25,3081
#WKJWPA,2022-07-26,14478
#WKJWPA,2022-07-27,5986
#WKJWPA,2022-07-29,4237
#WKJWPA,2022-07-30,2804
#WKJWPA,2022-07-31,2594
#WKJWPA,2022-08-01,3564
#WKJWPA,2022-08-02,771
#WKJWPA,2022-08-04,11823
#WKJWPA,2022-08-05,2744
#WKJWPA,2022-08-07,951
#WKJWPA,2022-08-09,5939
#WKJWPA,2022-08-10,1379
#WKJWPA,2022-08-11,4792
#WKJWPA,2022-08-12,8656
#WKJWPA,2022-08-13,9111
#WKJWPA,2022-08-14,3310
#WKJWPA,2022-08-18,2410
#WKJWPA,2022-08-19,431
#WKJWPA,2022-08-20,6101
#WLPDJO,2022-07-15,4602
#WLPDJO,2022-07-16,1591
#WLPDJO,2022-07-17,2887
#WLPDJO,2022-07-18,6996
#WLPDJO,2022-07-19,7843
#WLPDJO,2022-07-20,4496
#WLPDJO,2022-07-21,6901
#WLPDJO,2022-07-22,7310
#WLPDJO,2022-07-23,2006
#WLPDJO,2022-07-24,124
#WLPDJO,2022-07-25,5352
#WLPDJO,2022-07-26,4991
#WLPDJO,2022-07-27,5723
#WLPDJO,2022-07-28,8483
#WLPDJO,2022-07-29,833
#WLPDJO,2022-07-31,2523
#WLPDJO,2022-08-01,30
#WLPDJO,2022-08-02,4960
#WLPDJO,2022-08-03,5813
#WLPDJO,2022-08-04,3480
#WLPDJO,2022-08-05,5364
#WLPDJO,2022-08-06,140
#WLPDJO,2022-08-08,2949
#WLPDJO,2022-08-10,3372
#WLPDJO,2022-08-11,3719
#WLPDJO,2022-08-15,2632
#WLPDJO,2022-08-24,155
#WMPUWF,2022-07-15,3206
#WMQCWS,2022-07-14,5639
#WMQCWS,2022-07-15,14586
#WMQCWS,2022-07-16,10595
#WMQCWS,2022-07-17,14639
#WMQCWS,2022-07-18,9000
#WMQCWS,2022-07-24,18114
#WNPFYV,2022-07-16,378
#WTZJIP,2022-07-14,121
#WTZJIP,2022-07-15,6721
#WTZJIP,2022-07-28,58
#WTZJIP,2022-08-03,3143
#WTZJIP,2022-08-04,114
#WTZJIP,2022-08-05,1413
#WTZJIP,2022-08-07,3450
#WTZJIP,2022-08-09,447
#WTZJIP,2022-08-10,44
#WTZJIP,2022-08-11,35
#WTZJIP,2022-08-12,36
#WTZJIP,2022-08-13,115
#WTZJIP,2022-08-14,15
#WTZJIP,2022-08-18,125
#WTZJIP,2022-08-20,20
#WTZJIP,2022-08-21,6
#WTZJIP,2022-08-22,12
#WTZJIP,2022-08-23,2014
#WTZJIP,2022-08-24,2113
#WTZJIP,2022-08-25,72
#WTZJIP,2022-08-26,1963
#WUTUZX,2022-07-19,1042
#WUTUZX,2022-07-20,267
#WUTUZX,2022-08-20,945
#WUTUZX,2022-08-21,9265
#WUTUZX,2022-08-22,10810
#WUTUZX,2022-08-23,1612
#WUTUZX,2022-08-25,8394
#WZSWRY,2022-07-19,38
#WZSWRY,2022-07-29,4409
#WZSWRY,2022-07-30,3022
#WZSWRY,2022-08-02,495
#WZSWRY,2022-08-04,3367
#WZSWRY,2022-08-13,12
#WZSWRY,2022-08-18,17
#WZSWRY,2022-08-22,125
#WZSWRY,2022-08-23,3703
#WZSWRY,2022-08-24,497
#WZSWRY,2022-08-25,1867
#WZSWRY,2022-08-26,131
#XBNVQS,2022-07-16,2830
#XBNVQS,2022-08-02,2708
#XBNVQS,2022-08-03,6245
#XBNVQS,2022-08-04,4604
#XBNVQS,2022-08-05,8460
#XBNVQS,2022-08-06,3930
#XBNVQS,2022-08-07,1336
#XBNVQS,2022-08-08,1256
#XBNVQS,2022-08-09,652
#XBNVQS,2022-08-10,7972
#XBNVQS,2022-08-11,12033
#XBNVQS,2022-08-12,13459
#XBNVQS,2022-08-13,10491
#XBNVQS,2022-08-14,2612
#XBNVQS,2022-08-16,1183
#XBNVQS,2022-08-17,2616
#XBNVQS,2022-08-19,4810
#XBNVQS,2022-08-20,5844
#XBNVQS,2022-08-21,398
#XBNVQS,2022-08-22,5472
#XHGGGZ,2022-07-27,487
#XHGGGZ,2022-07-28,3303
#XHGGGZ,2022-07-29,574
#XHGGGZ,2022-08-14,374
#XHGGGZ,2022-08-15,205
#XHGGGZ,2022-08-16,709
#XHGGGZ,2022-08-17,47
#XHGGGZ,2022-08-19,290
#XHGGGZ,2022-08-20,428
#XHGGGZ,2022-08-21,186
#XJNZWI,2022-07-15,2936
#XJNZWI,2022-07-16,147
#XJNZWI,2022-07-17,7795
#XJNZWI,2022-07-18,2195
#XJNZWI,2022-07-21,2853
#XJNZWI,2022-07-23,8930
#XJNZWI,2022-07-25,22
#XJNZWI,2022-07-26,407
#XJNZWI,2022-07-27,2994
#XJNZWI,2022-07-28,5421
#XJNZWI,2022-07-29,519
#XJNZWI,2022-08-02,2054
#XJNZWI,2022-08-04,537
#XJNZWI,2022-08-05,9265
#XJNZWI,2022-08-07,7
#XJNZWI,2022-08-14,232
#XJNZWI,2022-08-21,29
#XJNZWI,2022-08-23,3904
#XJNZWI,2022-08-24,4657
#XJNZWI,2022-08-25,4468
#XMWOQE,2022-07-21,8388
#XMWOQE,2022-07-22,7955
#XMWOQE,2022-07-23,10800
#XMWOQE,2022-07-24,8625
#XMWOQE,2022-07-25,1094
#XMWOQE,2022-07-26,6437
#XMWOQE,2022-07-27,13505
#XMWOQE,2022-07-28,10282
#XMWOQE,2022-07-29,103
#XMWOQE,2022-07-30,71
#XMWOQE,2022-07-31,2296
#XMWOQE,2022-08-01,242
#XMWOQE,2022-08-02,1939
#XMWOQE,2022-08-03,80
#XMWOQE,2022-08-04,4715
#XMWOQE,2022-08-05,4086
#XMWOQE,2022-08-06,930
#XMWOQE,2022-08-08,354
#XMWOQE,2022-08-09,101
#XMWOQE,2022-08-11,5919
#XMWOQE,2022-08-12,1837
#XMWOQE,2022-08-13,285
#XMWOQE,2022-08-23,7586
#XMWOQE,2022-08-25,11687
#XPEZYU,2022-07-18,338
#XPEZYU,2022-07-19,2620
#XPEZYU,2022-07-20,4962
#XPEZYU,2022-07-21,6531
#XPEZYU,2022-08-05,8775
#XPEZYU,2022-08-09,1523
#XPEZYU,2022-08-10,19
#XPEZYU,2022-08-19,1396
#XPEZYU,2022-08-21,2302
#XPEZYU,2022-08-23,5106
#XPEZYU,2022-08-24,12411
#XPEZYU,2022-08-25,4806
#XPEZYU,2022-08-26,22
#XQOWZO,2022-08-04,2240
#XQOWZO,2022-08-10,561
#XQOWZO,2022-08-22,2590
#XSMSDV,2022-07-22,702
#XSMSDV,2022-07-23,282
#XSMSDV,2022-07-25,43
#XSMSDV,2022-07-27,3408
#XSMSDV,2022-07-28,140
#XSMSDV,2022-07-29,3798
#XSMSDV,2022-07-30,62
#XSMSDV,2022-08-02,1839
#XSMSDV,2022-08-05,3747
#XSMSDV,2022-08-10,3264
#XSMSDV,2022-08-11,3323
#XSMSDV,2022-08-12,5784
#XSMSDV,2022-08-14,16
#XSMSDV,2022-08-17,3078
#XSMSDV,2022-08-23,16295
#XSMSDV,2022-08-24,7276
#XSMSDV,2022-08-25,12699
#XXODXW,2022-07-28,290
#YCXFCL,2022-07-20,1702
#YDHUVM,2022-07-19,4522
#YDHUVM,2022-07-21,165
#YDHUVM,2022-07-27,404
#YDHUVM,2022-07-29,1636
#YEOUKO,2022-07-16,2690
#YEOUKO,2022-07-19,2094
#YEOUKO,2022-07-26,6064
#YEOUKO,2022-07-29,53
#YEOUKO,2022-08-01,73
#YEOUKO,2022-08-02,152
#YEOUKO,2022-08-03,286
#YEOUKO,2022-08-20,60
#YEOUKO,2022-08-21,2326
#YEOUKO,2022-08-22,4276
#YEOUKO,2022-08-25,4545
#YEOUKO,2022-08-26,11
#YEUODT,2022-07-28,1436
#YFMCJE,2022-07-18,4474
#YFMCJE,2022-07-23,2596
#YFMCJE,2022-07-24,163
#YFMCJE,2022-07-25,10059
#YFMCJE,2022-07-27,8046
#YFMCJE,2022-08-13,3098
#YJBZAO,2022-07-16,17278
#YJBZAO,2022-07-17,14270
#YJBZAO,2022-07-18,7945
#YJBZAO,2022-07-19,8814
#YJBZAO,2022-07-20,10120
#YJBZAO,2022-07-21,4863
#YJBZAO,2022-07-22,3886
#YJBZAO,2022-07-23,3978
#YJBZAO,2022-07-24,6536
#YJBZAO,2022-07-25,9129
#YJBZAO,2022-07-26,5792
#YJBZAO,2022-07-27,10517
#YJBZAO,2022-07-28,6335
#YJBZAO,2022-07-30,443
#YJBZAO,2022-07-31,6961
#YJBZAO,2022-08-01,241
#YJBZAO,2022-08-02,9660
#YJBZAO,2022-08-03,7047
#YJBZAO,2022-08-04,1503
#YJBZAO,2022-08-05,4837
#YJBZAO,2022-08-06,9956
#YJBZAO,2022-08-07,11016
#YJBZAO,2022-08-08,2190
#YJBZAO,2022-08-09,380
#YJBZAO,2022-08-10,3137
#YJBZAO,2022-08-11,12
#YJBZAO,2022-08-12,6730
#YJBZAO,2022-08-13,1083
#YJBZAO,2022-08-14,4448
#YJBZAO,2022-08-15,5260
#YJBZAO,2022-08-16,518
#YJBZAO,2022-08-17,5648
#YJBZAO,2022-08-18,1984
#YJBZAO,2022-08-19,4740
#YJBZAO,2022-08-20,1528
#YJBZAO,2022-08-21,3432
#YJBZAO,2022-08-22,1638
#YJBZAO,2022-08-23,3817
#YJBZAO,2022-08-24,3153
#YJBZAO,2022-08-25,5269
#YQLEDL,2022-07-20,8842
#YQLEDL,2022-07-21,17769
#YQLEDL,2022-07-25,72
#YQLEDL,2022-07-26,31444
#YQLEDL,2022-07-27,41881
#YQLEDL,2022-07-28,22753
#YQLEDL,2022-07-29,14920
#YQLEDL,2022-07-30,26116
#YQLEDL,2022-08-01,1586
#YQLEDL,2022-08-02,18514
#YQLEDL,2022-08-03,16530
#YQLEDL,2022-08-04,17371
#YQLEDL,2022-08-05,12411
#YQLEDL,2022-08-06,14818
#YQLEDL,2022-08-09,8765
#YQLEDL,2022-08-10,732
#YQLEDL,2022-08-12,26081
#YQLEDL,2022-08-13,29640
#YQLEDL,2022-08-14,552
#YQLEDL,2022-08-15,988
#YQLEDL,2022-08-22,3014
#YQLEDL,2022-08-23,24998
#YQLEDL,2022-08-24,14693
#YQLEDL,2022-08-25,13830
#ZAJBPK,2022-07-21,10516
#ZAJBPK,2022-07-22,7382
#ZAJBPK,2022-07-23,105
#ZAJBPK,2022-07-24,251
#ZAJBPK,2022-07-29,17433
#ZAJBPK,2022-07-30,487
#ZAJBPK,2022-07-31,9403
#ZAJBPK,2022-08-01,20361
#ZAJBPK,2022-08-02,2609
#ZAJBPK,2022-08-03,12653
#ZAJBPK,2022-08-04,2468
#ZAJBPK,2022-08-05,2126
#ZAJBPK,2022-08-07,3810
#ZAJBPK,2022-08-08,2704
#ZAJBPK,2022-08-09,3408
#ZAJBPK,2022-08-10,5404
#ZAJBPK,2022-08-11,2550
#ZAJBPK,2022-08-12,4248
#ZAJBPK,2022-08-13,5508
#ZAJBPK,2022-08-14,347
#ZAJBPK,2022-08-15,171
#ZAJBPK,2022-08-16,218
#ZAJBPK,2022-08-17,4886
#ZAJBPK,2022-08-18,8890
#ZAJBPK,2022-08-19,90
#ZAJBPK,2022-08-20,2080
#ZAJBPK,2022-08-21,5668
#ZAJBPK,2022-08-22,14417
#ZAJBPK,2022-08-23,4413
#ZAJBPK,2022-08-24,10262
#ZAJBPK,2022-08-25,7517
#ZAJBPK,2022-08-26,79
#ZBSQYZ,2022-07-15,1980
#ZBSQYZ,2022-07-16,54
#ZBSQYZ,2022-07-19,49
#ZBSQYZ,2022-07-20,1809
#ZBSQYZ,2022-07-25,1793
#ZBSQYZ,2022-07-26,4731
#ZBSQYZ,2022-07-29,1866
#ZBSQYZ,2022-07-31,13946
#ZBSQYZ,2022-08-02,3194
#ZBSQYZ,2022-08-03,891
#ZBSQYZ,2022-08-05,922
#ZBSQYZ,2022-08-07,2000
#ZBSQYZ,2022-08-08,2371
#ZBSQYZ,2022-08-13,373
#ZBSQYZ,2022-08-14,2935
#ZBSQYZ,2022-08-16,2202
#ZBSQYZ,2022-08-21,40
#ZBSQYZ,2022-08-22,1859
#ZBSQYZ,2022-08-23,640
#ZDSXNJ,2022-07-30,31
#ZFPNFC,2022-07-25,13971
#ZFPNFC,2022-07-26,2981
#ZFPNFC,2022-07-27,3246
#ZFPNFC,2022-07-28,6569
#ZFPNFC,2022-07-29,1868
#ZFPNFC,2022-07-30,1916
#ZFPNFC,2022-07-31,792
#ZFPNFC,2022-08-01,555
#ZFPNFC,2022-08-02,11
#ZFPNFC,2022-08-03,10519
#ZFPNFC,2022-08-04,2998
#ZFPNFC,2022-08-05,23
#ZFPNFC,2022-08-06,5873
#ZFPNFC,2022-08-07,492
#ZFPNFC,2022-08-08,6467
#ZFPNFC,2022-08-09,2965
#ZFPNFC,2022-08-10,4838
#ZFPNFC,2022-08-11,6879
#ZFPNFC,2022-08-12,1992
#ZFPNFC,2022-08-13,47
#ZFPNFC,2022-08-16,732
#ZFPNFC,2022-08-17,923
#ZFPNFC,2022-08-18,754
#ZFPNFC,2022-08-19,100
#ZFPNFC,2022-08-20,8000
#ZFPNFC,2022-08-21,160
#ZFPNFC,2022-08-22,3758
#ZFPNFC,2022-08-23,4424
#ZFPNFC,2022-08-24,6814
#ZFPNFC,2022-08-25,2068
#ZHHXBD,2022-07-18,4849
#ZHHXBD,2022-07-26,198
#ZHHXBD,2022-07-30,154
#ZHHXBD,2022-08-12,2989
#ZHHXBD,2022-08-19,6229
#ZJWNUM,2022-07-27,4446
#ZJWNUM,2022-07-28,2323
#ZJWNUM,2022-07-29,4144
#ZJWNUM,2022-07-30,5090
#ZJWNUM,2022-08-01,431
#ZJWNUM,2022-08-05,7907
#ZJWNUM,2022-08-06,8531
#ZJWNUM,2022-08-07,607
#ZJWNUM,2022-08-08,2847
#ZJWNUM,2022-08-10,5877
#ZJWNUM,2022-08-11,4001
#ZJWNUM,2022-08-12,5952
#ZJWNUM,2022-08-13,579
#ZJWNUM,2022-08-14,62
#ZJWNUM,2022-08-15,8586
#ZJWNUM,2022-08-16,250
#ZJWNUM,2022-08-17,5848
#ZJWNUM,2022-08-18,4104
#ZJWNUM,2022-08-19,2702
#ZJWNUM,2022-08-20,4306
#ZJWNUM,2022-08-21,3563
#ZJWNUM,2022-08-22,843
#ZJWNUM,2022-08-23,6756
#ZJWNUM,2022-08-24,4141
#ZJWNUM,2022-08-25,4514
#ZRKRKP,2022-07-17,90
#ZRKRKP,2022-07-23,12345
#ZRKRKP,2022-07-24,554
#ZRKRKP,2022-07-26,9275
#ZRKRKP,2022-07-28,3890
#ZRKRKP,2022-07-29,1908
#ZRKRKP,2022-07-31,2
#ZRKRKP,2022-08-06,40
#ZRKRKP,2022-08-07,19
#ZRKRKP,2022-08-09,1
#ZRKRKP,2022-08-10,4146
#ZRKRKP,2022-08-12,6280
#ZRKRKP,2022-08-14,11
#ZRKRKP,2022-08-15,1
#ZRKRKP,2022-08-16,2880
#ZRKRKP,2022-08-20,3745
#ZRKRKP,2022-08-22,3291
#ZRKRKP,2022-08-24,6314
#ZWOHRX,2022-07-16,3021
#ZWOHRX,2022-07-17,2837
#ZWOHRX,2022-07-22,10532
#ZWOHRX,2022-07-27,2810
#ZWOHRX,2022-08-07,1144
#ZWOHRX,2022-08-10,12985
